#ifndef SUNSET_IMG_H_
#define SUNSET_IMG_H_

#include <stdint.h>

#define sunset_img_WIDTH  120
#define sunset_img_HEIGHT 160

const uint16_t sunset_img[19200] = {
 0x39F7, 0x39F7, 0x39F7, 0x39F7, 0x39F7, 0x39F7, 0x39F7, 0x39F7, 0x39F7, 0x39F7, 0x39F8, 0x39F7, 0x39F7, 0x39F7, 0x39F7, 0x39F7,
 0x39F7, 0x31F7, 0x31F7, 0x31D7, 0x31F7, 0x31D7, 0x31D7, 0x31D7, 0x31D7, 0x31D7, 0x31D7, 0x31D7, 0x31F7, 0x39F7, 0x39F7, 0x39F7,
 0x39D8, 0x39D8, 0x39D8, 0x39D8, 0x39D8, 0x39D8, 0x31D7, 0x31D7, 0x31F7, 0x31D7, 0x31D7, 0x31D7, 0x31D7, 0x31D7, 0x31F7, 0x31D7,
 0x31D7, 0x31F7, 0x31D7, 0x31D7, 0x31D7, 0x31D7, 0x31D7, 0x31D7, 0x31D7, 0x31D7, 0x31D7, 0x31D7, 0x31D7, 0x31D7, 0x31D7, 0x31F7,
 0x31F7, 0x31F7, 0x31F7, 0x31F7, 0x39D7, 0x39D7, 0x39D7, 0x39D7, 0x39D7, 0x39D7, 0x39D7, 0x31F7, 0x31F7, 0x31F7, 0x31F7, 0x31F7,
 0x31F7, 0x31F7, 0x31F7, 0x31F7, 0x31F7, 0x31F7, 0x39F7, 0x39F7, 0x39F7, 0x39F7, 0x31F7, 0x31F7, 0x31F7, 0x31D7, 0x31D7, 0x31D7,
 0x31D7, 0x31D7, 0x31D7, 0x31D7, 0x31D7, 0x31D7, 0x31D7, 0x31D7, 0x31D7, 0x31D7, 0x31D7, 0x31D7, 0x31D7, 0x31D7, 0x31D7, 0x31D7,
 0x31D7, 0x39D7, 0x39F7, 0x39D7, 0x39F7, 0x39F7, 0x39F7, 0x31D7, 0x39F7, 0x39F7, 0x39F7, 0x39F7, 0x39F7, 0x39F7, 0x39F7, 0x39F7,
 0x39F7, 0x39F7, 0x39F8, 0x39F7, 0x39F7, 0x39F7, 0x39F7, 0x39D7, 0x39D7, 0x31F7, 0x31F7, 0x31F7, 0x31F7, 0x31F7, 0x31D7, 0x31D7,
 0x31D7, 0x39D7, 0x31F7, 0x31D7, 0x31F7, 0x39F7, 0x39F7, 0x39F7, 0x39D8, 0x39D8, 0x39D8, 0x39D8, 0x39D8, 0x39D8, 0x31D7, 0x31D7,
 0x31F7, 0x31D7, 0x31D7, 0x31D7, 0x31D7, 0x31D7, 0x31F7, 0x31D7, 0x31D7, 0x31F7, 0x31D7, 0x31D7, 0x31D7, 0x31D7, 0x31D7, 0x31D7,
 0x31D7, 0x31D7, 0x31D7, 0x31D7, 0x31D7, 0x31D7, 0x31D7, 0x31F7, 0x31F7, 0x31F7, 0x31F7, 0x31F7, 0x39D7, 0x39D7, 0x39D7, 0x39D7,
 0x39D7, 0x39D7, 0x39D7, 0x31F7, 0x31F7, 0x31F7, 0x31F7, 0x31F7, 0x31F7, 0x31F7, 0x31F7, 0x31F7, 0x31F7, 0x31F7, 0x31F7, 0x31F7,
 0x31F7, 0x31F7, 0x31F7, 0x31F7, 0x31F7, 0x31F7, 0x31F7, 0x31D7, 0x31D7, 0x31D7, 0x31D7, 0x31D7, 0x31D7, 0x31D7, 0x31D7, 0x31D7,
 0x31D7, 0x31D7, 0x31D7, 0x31D7, 0x31D7, 0x31D7, 0x31D7, 0x31D7, 0x31D7, 0x39D7, 0x39D7, 0x31D7, 0x31D7, 0x39D7, 0x39D7, 0x31F7,
 0x39F7, 0x39F7, 0x39F7, 0x39F7, 0x39F7, 0x39F7, 0x39F7, 0x39F7, 0x39F7, 0x39F7, 0x39F8, 0x39F7, 0x39F7, 0x39F7, 0x39F7, 0x39D7,
 0x39D7, 0x39D7, 0x39D7, 0x39D7, 0x31D7, 0x31D7, 0x31D7, 0x31D7, 0x31D7, 0x39D7, 0x31F7, 0x31D7, 0x31D7, 0x31F7, 0x39D7, 0x39D7,
 0x39D7, 0x31D7, 0x31D7, 0x39D8, 0x39D8, 0x39D8, 0x31D7, 0x31D7, 0x31F7, 0x31D7, 0x31D7, 0x31D7, 0x31D7, 0x31D7, 0x31D7, 0x31F7,
 0x31F7, 0x31D7, 0x31F7, 0x31D7, 0x31D7, 0x31D7, 0x31D7, 0x31D7, 0x31D7, 0x31D7, 0x31D7, 0x31D7, 0x31D7, 0x31D7, 0x31D7, 0x31F7,
 0x31F7, 0x31F7, 0x39F7, 0x39F7, 0x39D7, 0x39D7, 0x39D7, 0x39F7, 0x39F7, 0x39D7, 0x39D7, 0x31F7, 0x31F7, 0x31F7, 0x31F7, 0x31F7,
 0x31F7, 0x31F7, 0x31F7, 0x31F7, 0x31F7, 0x31F7, 0x31F7, 0x31F7, 0x31F7, 0x31F7, 0x31F7, 0x31F7, 0x31F7, 0x31F7, 0x31F7, 0x31D7,
 0x31D7, 0x31D7, 0x31D7, 0x31D7, 0x31D7, 0x31D7, 0x31D7, 0x31D7, 0x31D7, 0x31D7, 0x31D7, 0x31D7, 0x31D7, 0x31D7, 0x31D7, 0x31D7,
 0x39D7, 0x31D7, 0x31D7, 0x31D7, 0x31D7, 0x39D7, 0x39D7, 0x31F7, 0x39F7, 0x39F7, 0x39F7, 0x39F7, 0x39F7, 0x39F7, 0x39F7, 0x39F7,
 0x39F7, 0x39F7, 0x39F8, 0x39F7, 0x39F7, 0x39F7, 0x39F7, 0x39D7, 0x39D7, 0x39D7, 0x39D7, 0x31D7, 0x31D7, 0x31D7, 0x31D7, 0x31D7,
 0x39D7, 0x39D7, 0x39D7, 0x31D8, 0x31D7, 0x39D7, 0x39D7, 0x39F7, 0x39D8, 0x39D8, 0x39D8, 0x39D8, 0x39D8, 0x39D8, 0x31D7, 0x31D7,
 0x31F7, 0x31D7, 0x31D7, 0x31D7, 0x31D7, 0x31D7, 0x31D7, 0x31F7, 0x31F7, 0x31D7, 0x31F7, 0x31D7, 0x31D7, 0x31F7, 0x31F7, 0x31D7,
 0x31D7, 0x31D7, 0x31D7, 0x31D7, 0x31D7, 0x31D7, 0x31D7, 0x31F7, 0x31F7, 0x31F7, 0x39F7, 0x39F7, 0x39F7, 0x39F7, 0x39F7, 0x39F7,
 0x39F7, 0x39D7, 0x39D7, 0x31F7, 0x31F7, 0x31F7, 0x31F7, 0x31F7, 0x31F7, 0x31F7, 0x31F7, 0x31F7, 0x31F7, 0x31F7, 0x31F7, 0x31F7,
 0x31F7, 0x31F7, 0x31F7, 0x31F7, 0x31F7, 0x31F7, 0x31F7, 0x31D7, 0x31D7, 0x31D7, 0x31D7, 0x31D7, 0x31D7, 0x31D7, 0x31D7, 0x31D7,
 0x31D7, 0x31D7, 0x31D7, 0x31D7, 0x31D7, 0x31D7, 0x31D7, 0x31D7, 0x31D7, 0x31D7, 0x39D7, 0x39D7, 0x39D7, 0x39D7, 0x31D7, 0x31D7,
 0x39F7, 0x39F7, 0x39F7, 0x39F7, 0x39F7, 0x39F7, 0x39F7, 0x39F7, 0x39F7, 0x39F7, 0x39F8, 0x39F7, 0x39F7, 0x39F7, 0x39F7, 0x39F7,
 0x39D7, 0x39D7, 0x39D7, 0x31D7, 0x31D7, 0x31D7, 0x31D7, 0x39D7, 0x39D7, 0x39D7, 0x31D7, 0x39D8, 0x31D7, 0x39D7, 0x39F7, 0x39F8,
 0x31D8, 0x39D8, 0x39D8, 0x31D7, 0x31D7, 0x39D8, 0x39F8, 0x31D7, 0x31F7, 0x31F7, 0x31D7, 0x31D7, 0x31D7, 0x31D7, 0x31D7, 0x31F7,
 0x31F7, 0x31F7, 0x31D7, 0x31D7, 0x31D7, 0x31D7, 0x31F7, 0x31F7, 0x31D7, 0x31D7, 0x31D7, 0x31D7, 0x31F7, 0x31F7, 0x31F7, 0x39F7,
 0x31F7, 0x31F7, 0x39F7, 0x39F8, 0x39F8, 0x39F8, 0x39F7, 0x39F8, 0x39F7, 0x39F7, 0x39F7, 0x31F7, 0x31F7, 0x31F7, 0x31F7, 0x31F7,
 0x31F7, 0x31F7, 0x39F7, 0x39F7, 0x31F7, 0x31F7, 0x31F7, 0x31F7, 0x31F7, 0x39F7, 0x31F7, 0x31F7, 0x31F7, 0x39F7, 0x31F7, 0x31F7,
 0x31D7, 0x39D7, 0x39D7, 0x31D7, 0x31D7, 0x31D7, 0x31D7, 0x31D7, 0x31D7, 0x31D7, 0x31D7, 0x31D7, 0x31D7, 0x31D7, 0x31D7, 0x31D7,
 0x31D7, 0x31D7, 0x31D7, 0x31D7, 0x39D7, 0x39D7, 0x31D7, 0x31D7, 0x39F7, 0x39F7, 0x39F7, 0x39F7, 0x39F7, 0x39F7, 0x39F7, 0x39F7,
 0x39F7, 0x39F7, 0x39F7, 0x39F7, 0x39F7, 0x39F7, 0x39F7, 0x39F7, 0x39D7, 0x39D7, 0x39D7, 0x39D7, 0x39D7, 0x39D7, 0x39D7, 0x39D7,
 0x39D7, 0x39D7, 0x39D7, 0x31D7, 0x31D7, 0x39D7, 0x39D7, 0x39D7, 0x39D8, 0x39D8, 0x39D8, 0x31D7, 0x31D7, 0x39D8, 0x39F8, 0x31F7,
 0x31F7, 0x31F7, 0x31F7, 0x31F7, 0x31F7, 0x31F7, 0x31F7, 0x31F7, 0x31F7, 0x31F7, 0x31F7, 0x31F7, 0x31F7, 0x31D7, 0x31F7, 0x31F7,
 0x31D7, 0x31D7, 0x31D7, 0x31D7, 0x31D7, 0x31D7, 0x31D7, 0x31F7, 0x31F7, 0x31F7, 0x39F7, 0x39F7, 0x39F8, 0x39F8, 0x39F8, 0x39F8,
 0x39F7, 0x39F7, 0x39D7, 0x39F7, 0x39F7, 0x39F7, 0x39F7, 0x39F7, 0x39F7, 0x39F7, 0x39F7, 0x39F7, 0x39F7, 0x39F7, 0x31F7, 0x31F7,
 0x31F7, 0x31F7, 0x31F7, 0x31F7, 0x31F7, 0x39F7, 0x31F7, 0x31F7, 0x31D7, 0x39D7, 0x39D7, 0x39D7, 0x31D7, 0x31D7, 0x31D7, 0x31D7,
 0x31D7, 0x31D7, 0x31D7, 0x31D7, 0x31D7, 0x31D7, 0x31D7, 0x31D7, 0x31D7, 0x31D7, 0x31D7, 0x31D7, 0x31F7, 0x31F7, 0x31F7, 0x31F7,
 0x39F7, 0x39F7, 0x39F7, 0x39F7, 0x39F7, 0x39F7, 0x31D7, 0x39D7, 0x39F7, 0x39D7, 0x39F7, 0x39F7, 0x39D7, 0x39F7, 0x39F7, 0x39F7,
 0x39D7, 0x39D7, 0x39D7, 0x39D7, 0x39D7, 0x39D7, 0x39D7, 0x39D7, 0x39D7, 0x39D7, 0x39D7, 0x39D8, 0x39D7, 0x39D7, 0x39D7, 0x39D7,
 0x39D8, 0x39D8, 0x39D8, 0x39D8, 0x39D8, 0x39D8, 0x39F8, 0x31F7, 0x31F7, 0x31F7, 0x31F7, 0x31F7, 0x31F7, 0x31F7, 0x31F7, 0x31F7,
 0x31F7, 0x39F7, 0x31D7, 0x31D7, 0x31F7, 0x31D7, 0x31F7, 0x31F7, 0x31D7, 0x31D7, 0x31D7, 0x31F7, 0x31F7, 0x31F7, 0x31F7, 0x39F7,
 0x31F7, 0x31F7, 0x39F7, 0x39F7, 0x39F8, 0x39F8, 0x39F8, 0x39F8, 0x39F7, 0x39F7, 0x39F7, 0x39F7, 0x39F7, 0x39F7, 0x39F7, 0x39F7,
 0x39F7, 0x39F7, 0x31F7, 0x31F7, 0x39F7, 0x39F7, 0x31F7, 0x31F7, 0x31F7, 0x31F7, 0x31F7, 0x31F7, 0x39F7, 0x31F7, 0x39F8, 0x31F7,
 0x31D7, 0x39D7, 0x39D7, 0x39D7, 0x31D7, 0x31D7, 0x31D7, 0x31D7, 0x31D7, 0x31D7, 0x31D7, 0x31D7, 0x31D7, 0x31D7, 0x31D7, 0x31D7,
 0x31D7, 0x31D7, 0x31D7, 0x31D7, 0x31F7, 0x31D7, 0x31D7, 0x31F7, 0x39F7, 0x39D7, 0x39D7, 0x39D7, 0x39D7, 0x39D7, 0x39D7, 0x39D7,
 0x39D7, 0x39D7, 0x31D7, 0x39D7, 0x39F7, 0x39F7, 0x39F7, 0x39F7, 0x39F7, 0x39D7, 0x39D7, 0x39D7, 0x39D7, 0x39D7, 0x31D7, 0x31D7,
 0x39D7, 0x39D7, 0x39D8, 0x39D8, 0x31D7, 0x39D7, 0x39D8, 0x39D8, 0x39D8, 0x39D8, 0x39D8, 0x39D8, 0x39F8, 0x39D8, 0x39F8, 0x31F7,
 0x31F7, 0x31F7, 0x31F7, 0x31F7, 0x31F7, 0x39F7, 0x39D7, 0x31D8, 0x31F8, 0x39F7, 0x4A37, 0x4217, 0x31D7, 0x31D7, 0x31D7, 0x31D7,
 0x31D7, 0x31D7, 0x31D7, 0x31D7, 0x31D7, 0x39F8, 0x31D8, 0x31F7, 0x31F7, 0x39F7, 0x39F7, 0x39F7, 0x39F7, 0x39F7, 0x39F8, 0x39F7,
 0x39F8, 0x39D7, 0x39D7, 0x39F7, 0x39F7, 0x39F7, 0x39F7, 0x39F7, 0x39F7, 0x39F7, 0x39F7, 0x39F7, 0x39F7, 0x39F7, 0x31F7, 0x31F7,
 0x31D8, 0x31D7, 0x31F7, 0x31F7, 0x31F7, 0x31D7, 0x39F8, 0x39F7, 0x31D7, 0x39D7, 0x39D7, 0x39B7, 0x39D7, 0x31D7, 0x31D7, 0x31D7,
 0x31D7, 0x31D7, 0x31D7, 0x31D7, 0x31D7, 0x31D7, 0x31D7, 0x31D7, 0x31D7, 0x31D7, 0x31F7, 0x31D7, 0x31D7, 0x31D7, 0x31D7, 0x31D7,
 0x39F7, 0x39D7, 0x39D7, 0x39D7, 0x39D7, 0x39D7, 0x39D7, 0x39F7, 0x4A38, 0x39B6, 0x31D7, 0x39D7, 0x39F7, 0x39F7, 0x39F7, 0x39F7,
 0x39F7, 0x39F7, 0x39D7, 0x39D7, 0x39D7, 0x39D7, 0x31D7, 0x31D7, 0x39D8, 0x39D8, 0x31D7, 0x31D7, 0x39D8, 0x39D8, 0x31D7, 0x39D8,
 0x39D8, 0x31D7, 0x31D7, 0x39F8, 0x39F8, 0x39D8, 0x39F8, 0x39F7, 0x31F7, 0x39F7, 0x39F7, 0x39F7, 0x31F7, 0x39D7, 0x39D7, 0x31D8,
 0x31F8, 0x31B6, 0x5A99, 0x5258, 0x31B7, 0x39F8, 0x31D8, 0x31D8, 0x31D8, 0x31D8, 0x31D8, 0x31D8, 0x31D8, 0x31D8, 0x31D8, 0x39F7,
 0x39F7, 0x39F7, 0x39F7, 0x39F8, 0x39F7, 0x39F7, 0x3A18, 0x39D7, 0x39F7, 0x39D7, 0x39D7, 0x39F7, 0x39F7, 0x39F7, 0x39F7, 0x39F7,
 0x39F7, 0x39D7, 0x39F7, 0x39F7, 0x39F7, 0x39F8, 0x31F7, 0x31F7, 0x31F7, 0x31D7, 0x31F7, 0x31F7, 0x31F7, 0x39F7, 0x31F7, 0x31F7,
 0x31F7, 0x39D7, 0x39D6, 0x39B6, 0x39D7, 0x31D7, 0x31D7, 0x31D7, 0x31D7, 0x31D7, 0x31D7, 0x31D7, 0x31D7, 0x31D7, 0x31D7, 0x31D7,
 0x31D7, 0x31D7, 0x31F7, 0x31D7, 0x31D7, 0x31D7, 0x31D7, 0x31D7, 0x39F7, 0x39F7, 0x39D7, 0x39D7, 0x31F7, 0x39D7, 0x39D7, 0x39D7,
 0x39D7, 0x39D7, 0x39D7, 0x39D7, 0x39D7, 0x39D7, 0x39D7, 0x39D7, 0x39D7, 0x39D7, 0x39D7, 0x39F7, 0x39D6, 0x39F7, 0x31D7, 0x31D8,
 0x39D8, 0x39D8, 0x31D7, 0x31D7, 0x39D8, 0x39D8, 0x31D7, 0x31D7, 0x31D7, 0x31D7, 0x39D7, 0x39D7, 0x39F7, 0x39F8, 0x39F8, 0x39F7,
 0x39F7, 0x39F7, 0x39F7, 0x39F7, 0x39F7, 0x39F7, 0x39D7, 0x31F8, 0x31F8, 0x39F7, 0x39D6, 0x39B6, 0x31D7, 0x31F8, 0x31F7, 0x31F7,
 0x31F7, 0x31D7, 0x31D7, 0x31F7, 0x39D7, 0x39D8, 0x39F7, 0x39F8, 0x39F8, 0x39F7, 0x39F7, 0x39F7, 0x39F7, 0x39F7, 0x39F7, 0x39F7,
 0x39F7, 0x39F7, 0x39F7, 0x39F7, 0x39F7, 0x39F7, 0x39F7, 0x39F7, 0x39F7, 0x39F7, 0x39F7, 0x39F7, 0x39F7, 0x39F7, 0x39D7, 0x39D7,
 0x39F7, 0x39F7, 0x31F7, 0x31F7, 0x31F7, 0x39F7, 0x31F7, 0x31F7, 0x39F7, 0x31D5, 0x633B, 0x4217, 0x31D6, 0x31F7, 0x31D7, 0x31D7,
 0x31D7, 0x31D7, 0x31D7, 0x31D7, 0x31D7, 0x31D7, 0x31D7, 0x31D7, 0x31D7, 0x31D7, 0x31F7, 0x31D7, 0x31D7, 0x31D7, 0x31D7, 0x31D7,
 0x39D7, 0x39F7, 0x39F7, 0x31F7, 0x31F7, 0x31F7, 0x31D7, 0x31D7, 0x39D7, 0x39D7, 0x39D7, 0x39D7, 0x39D7, 0x39F7, 0x39F7, 0x39F7,
 0x39F8, 0x39F8, 0x39D7, 0x4237, 0x4A37, 0x39D6, 0x39D7, 0x31D8, 0x31D8, 0x31D7, 0x39D8, 0x39D8, 0x39D8, 0x39D8, 0x31D7, 0x39D7,
 0x39D7, 0x39D7, 0x39D7, 0x39D7, 0x39D7, 0x39F8, 0x39F8, 0x39F7, 0x31F7, 0x31F7, 0x39F7, 0x39F7, 0x39F7, 0x39F7, 0x39F7, 0x31F8,
 0x31F8, 0x31D7, 0x39D7, 0x39D7, 0x31D8, 0x31D7, 0x39D7, 0x39D7, 0x39D7, 0x39D7, 0x39D7, 0x39D7, 0x39D7, 0x39D7, 0x39F7, 0x39F8,
 0x39F7, 0x39F7, 0x39F7, 0x39F7, 0x39F7, 0x39F7, 0x39F7, 0x39F7, 0x39F7, 0x39F7, 0x39F7, 0x39F7, 0x39F7, 0x39F7, 0x39F7, 0x39F7,
 0x39F7, 0x39F7, 0x39F7, 0x39F7, 0x39F7, 0x39F7, 0x39D7, 0x39D7, 0x39F7, 0x39F7, 0x39F7, 0x39F7, 0x39F7, 0x39F7, 0x39F7, 0x39F8,
 0x39F7, 0x39F6, 0x3A17, 0x39F6, 0x39D7, 0x31F8, 0x31D8, 0x39D7, 0x31D7, 0x31D7, 0x31D7, 0x31D7, 0x31D7, 0x31D7, 0x39D7, 0x31D7,
 0x31D7, 0x31D7, 0x31F7, 0x31D7, 0x31D7, 0x31D7, 0x31D7, 0x31D7, 0x39D7, 0x39F7, 0x39F7, 0x39F7, 0x31F7, 0x39D7, 0x31D7, 0x31D7,
 0x31D7, 0x39D7, 0x39D7, 0x39D7, 0x39D7, 0x39D7, 0x39F7, 0x39F7, 0x39F8, 0x39F8, 0x39D7, 0x4A37, 0x4A57, 0x39D6, 0x39D7, 0x39D8,
 0x39D8, 0x39D7, 0x39D7, 0x39D7, 0x39D7, 0x39D7, 0x39D7, 0x39D7, 0x39D7, 0x39F8, 0x39F8, 0x39F8, 0x39F8, 0x39F8, 0x39F7, 0x39F7,
 0x31F7, 0x31F7, 0x39F7, 0x39F7, 0x39F7, 0x39F7, 0x39D7, 0x39F7, 0x31F7, 0x39D7, 0x39F7, 0x31D7, 0x31D8, 0x39F7, 0x39D7, 0x39D7,
 0x39F7, 0x39D7, 0x39D7, 0x39D7, 0x39F7, 0x39F7, 0x39F7, 0x39F7, 0x39F7, 0x39F7, 0x39F7, 0x39F7, 0x39D7, 0x39F7, 0x39F7, 0x39F7,
 0x39F7, 0x39F7, 0x39F7, 0x39D7, 0x39F7, 0x39F7, 0x39F8, 0x39F8, 0x39F7, 0x39F7, 0x39F7, 0x39F7, 0x39F7, 0x39F7, 0x39D7, 0x39D7,
 0x39F8, 0x39F7, 0x39F7, 0x39F7, 0x39F7, 0x39D7, 0x39F7, 0x39F7, 0x39F7, 0x39F8, 0x39D7, 0x39F7, 0x39F8, 0x39F8, 0x31D7, 0x39D7,
 0x39D7, 0x31D7, 0x31D7, 0x31D7, 0x31D7, 0x31D7, 0x39D7, 0x31D7, 0x31D7, 0x31D7, 0x31D7, 0x31D7, 0x31D7, 0x31F7, 0x31D7, 0x31D7,
 0x39F7, 0x39F8, 0x39F7, 0x39F7, 0x39D7, 0x39D7, 0x39D7, 0x31D7, 0x31D7, 0x39F7, 0x39F7, 0x39F7, 0x39F7, 0x39F7, 0x39F7, 0x39F8,
 0x39F8, 0x39F8, 0x39D7, 0x4217, 0x5298, 0x39D6, 0x39F7, 0x39D8, 0x39F8, 0x39F8, 0x39F8, 0x39F8, 0x39F8, 0x39F8, 0x39F8, 0x39F8,
 0x39F7, 0x39F7, 0x39F8, 0x39F8, 0x39F8, 0x39F7, 0x39D7, 0x39F7, 0x39F7, 0x39F7, 0x39F7, 0x39F7, 0x39F7, 0x39F7, 0x39F7, 0x39F7,
 0x39F7, 0x39F7, 0x39F8, 0x31D8, 0x39D7, 0x39F8, 0x39F7, 0x39D7, 0x39D7, 0x39D7, 0x39D7, 0x39D7, 0x39F8, 0x39F8, 0x39F7, 0x39F7,
 0x39F7, 0x39F7, 0x39F7, 0x39F7, 0x39F7, 0x39F7, 0x39F7, 0x39F7, 0x39F7, 0x39F7, 0x39F7, 0x39D7, 0x39F7, 0x39F7, 0x39F8, 0x39F8,
 0x39F8, 0x39F7, 0x39F7, 0x39F7, 0x39F7, 0x39F7, 0x39D7, 0x39D7, 0x39F7, 0x39F7, 0x39F7, 0x39F7, 0x39D7, 0x39F7, 0x39F7, 0x39F7,
 0x39F8, 0x39F8, 0x39F8, 0x39F8, 0x39F8, 0x39F8, 0x39F7, 0x39D7, 0x39D7, 0x39D7, 0x31F7, 0x31F7, 0x31D7, 0x31D7, 0x39D7, 0x39D7,
 0x31F7, 0x31D7, 0x31D7, 0x31D7, 0x31D7, 0x31D7, 0x31D7, 0x31D7, 0x39F7, 0x39F8, 0x39F7, 0x39D7, 0x39D7, 0x39D7, 0x39D7, 0x39D7,
 0x31D7, 0x39F7, 0x39F7, 0x39F7, 0x39F8, 0x39F8, 0x39F8, 0x39F8, 0x39F8, 0x39F8, 0x39F7, 0x41F7, 0x5258, 0x4A58, 0x4217, 0x39F7,
 0x39F8, 0x39F8, 0x39F8, 0x39F8, 0x39F8, 0x39F8, 0x39F8, 0x39F7, 0x39F7, 0x39F7, 0x39F8, 0x39F7, 0x39F7, 0x39F7, 0x39F8, 0x39F8,
 0x39F7, 0x39F7, 0x39F7, 0x39F7, 0x39F7, 0x39F7, 0x39F8, 0x39F7, 0x39F7, 0x39D7, 0x39F8, 0x39F8, 0x39F7, 0x39F7, 0x39F7, 0x39D7,
 0x39D7, 0x39F7, 0x39F7, 0x39F7, 0x39F8, 0x39F8, 0x39F7, 0x39F7, 0x39F8, 0x39F7, 0x39F7, 0x39F7, 0x39F7, 0x39F7, 0x39F7, 0x39F7,
 0x39F7, 0x39F7, 0x39F7, 0x39F7, 0x39F7, 0x39F7, 0x39F7, 0x39F7, 0x39F7, 0x39F7, 0x39F7, 0x39F7, 0x39F7, 0x41F8, 0x39D7, 0x39F7,
 0x39F7, 0x39F7, 0x39F7, 0x39F7, 0x39F7, 0x39F7, 0x39F7, 0x39F7, 0x39F8, 0x39F8, 0x39F7, 0x39F7, 0x39F7, 0x39F8, 0x39F7, 0x39F7,
 0x39D7, 0x39D7, 0x31F7, 0x31F7, 0x31F7, 0x39D7, 0x39D7, 0x39D7, 0x31D7, 0x31D7, 0x31D7, 0x31D7, 0x31D7, 0x31D7, 0x31D7, 0x31D7,
 0x39F7, 0x39F8, 0x39F7, 0x41F7, 0x39D7, 0x39D7, 0x39D7, 0x39D7, 0x39D7, 0x39F7, 0x39F7, 0x39F7, 0x39F7, 0x39F7, 0x39F7, 0x39F7,
 0x39F8, 0x39F8, 0x39F7, 0x39F7, 0x39D7, 0x41F7, 0x39F7, 0x39F7, 0x39F8, 0x39F8, 0x39F7, 0x39F7, 0x39F8, 0x39F8, 0x39F8, 0x39F8,
 0x39F8, 0x39F8, 0x39F8, 0x39F8, 0x39F8, 0x39F7, 0x39F7, 0x39F8, 0x39F8, 0x39F7, 0x39F7, 0x39F7, 0x39F7, 0x39F7, 0x39F7, 0x39F7,
 0x39D7, 0x39D7, 0x39F7, 0x39F7, 0x39F7, 0x39F7, 0x39F8, 0x39F7, 0x39F7, 0x39F8, 0x39F8, 0x39F7, 0x39F7, 0x39F8, 0x39F8, 0x39F8,
 0x39F8, 0x39F7, 0x39F7, 0x39F7, 0x39F7, 0x39F7, 0x39F7, 0x39F7, 0x39F7, 0x39F7, 0x39F7, 0x39F7, 0x39F7, 0x39F8, 0x39F8, 0x39F7,
 0x39F8, 0x39F8, 0x39F8, 0x39F7, 0x39F7, 0x39F7, 0x39F7, 0x39F7, 0x39F7, 0x39F7, 0x39F7, 0x39F7, 0x39F7, 0x39F7, 0x39F7, 0x39F7,
 0x39F7, 0x39F7, 0x39F7, 0x39F7, 0x39F7, 0x39F7, 0x39F7, 0x39F7, 0x39D7, 0x39F7, 0x39F7, 0x31F7, 0x31D7, 0x31D7, 0x39F8, 0x31D7,
 0x31D7, 0x31D7, 0x31D7, 0x31D7, 0x31D7, 0x31D7, 0x31D7, 0x31D7, 0x39F8, 0x39F8, 0x39D7, 0x4A38, 0x4218, 0x39D7, 0x39D7, 0x39D7,
 0x39F8, 0x39F7, 0x39F7, 0x39F7, 0x39F7, 0x39F7, 0x39F7, 0x39F7, 0x39F7, 0x39F7, 0x39F7, 0x39F7, 0x41F8, 0x39F8, 0x39F8, 0x39F8,
 0x39F8, 0x41F8, 0x3A17, 0x3A17, 0x39F8, 0x39F8, 0x39F8, 0x39F8, 0x39F8, 0x39F8, 0x39F8, 0x39F8, 0x39F8, 0x39F7, 0x39F7, 0x39F8,
 0x39F8, 0x39F8, 0x39F8, 0x39F8, 0x39F8, 0x39F8, 0x39D7, 0x39F7, 0x39F7, 0x39F7, 0x39F7, 0x39F7, 0x39F8, 0x39F8, 0x39F8, 0x39F8,
 0x39F8, 0x39F8, 0x39F7, 0x39F7, 0x39F7, 0x39F7, 0x39F7, 0x39F8, 0x39F8, 0x39F7, 0x39F7, 0x39F7, 0x39F7, 0x39F7, 0x39F7, 0x39F7,
 0x39F7, 0x39F7, 0x39F7, 0x39F7, 0x39F7, 0x39F8, 0x39F8, 0x39F7, 0x39F7, 0x39F8, 0x39F8, 0x39F7, 0x39F7, 0x39F7, 0x39F7, 0x39F7,
 0x39F7, 0x39F7, 0x39F7, 0x39D7, 0x39D7, 0x39F7, 0x39F7, 0x39F7, 0x39F7, 0x39F8, 0x39F8, 0x39F8, 0x39F8, 0x39F7, 0x39F7, 0x39D7,
 0x39F7, 0x39F7, 0x39F7, 0x39D7, 0x39F7, 0x39F7, 0x39F7, 0x39D7, 0x39D7, 0x39D7, 0x39F7, 0x39D7, 0x39D7, 0x31F7, 0x31F7, 0x31D7,
 0x39F8, 0x39F8, 0x39F7, 0x41F7, 0x39D7, 0x39F7, 0x39F7, 0x39F8, 0x39F8, 0x39F7, 0x39F7, 0x39F7, 0x39F7, 0x39F7, 0x39F7, 0x39F7,
 0x39F8, 0x39F8, 0x39F7, 0x39F8, 0x39F8, 0x39F8, 0x39F8, 0x39F8, 0x39F8, 0x39F8, 0x39F7, 0x39F8, 0x39F8, 0x39F7, 0x41F7, 0x41F7,
 0x41F7, 0x39F8, 0x39F8, 0x39F8, 0x39F8, 0x39F7, 0x39F7, 0x39F8, 0x39F8, 0x39F8, 0x39F8, 0x39F8, 0x39F8, 0x39F8, 0x39F8, 0x39F8,
 0x39F8, 0x39F7, 0x39F8, 0x39F8, 0x39F8, 0x41F8, 0x41F8, 0x41F8, 0x41F8, 0x4218, 0x39F8, 0x39F8, 0x39F8, 0x39F7, 0x39F8, 0x39F8,
 0x39F8, 0x39F7, 0x39F7, 0x39F7, 0x39F7, 0x39F7, 0x39F7, 0x39F7, 0x39F7, 0x39F7, 0x39F7, 0x39F7, 0x39F7, 0x39F7, 0x39F7, 0x39F7,
 0x39F7, 0x39F7, 0x39F7, 0x39F7, 0x39F7, 0x39F7, 0x39F7, 0x39F7, 0x39F7, 0x39F7, 0x39F7, 0x39D7, 0x39F7, 0x39F7, 0x39F7, 0x39F7,
 0x39F8, 0x39F8, 0x39F8, 0x39F8, 0x39F8, 0x39F8, 0x39F8, 0x39F7, 0x39D8, 0x39D7, 0x39D7, 0x39D7, 0x39F6, 0x39B5, 0x39D5, 0x39D7,
 0x39D7, 0x39D7, 0x31D7, 0x31D7, 0x31D7, 0x39D7, 0x39F7, 0x31D7, 0x39F8, 0x39F8, 0x39F8, 0x39F8, 0x41F8, 0x39F8, 0x39F8, 0x39F8,
 0x39F8, 0x39F7, 0x39F7, 0x39F7, 0x39F7, 0x39F7, 0x41F8, 0x41F8, 0x41F8, 0x41F8, 0x39F8, 0x39F8, 0x39F8, 0x39F8, 0x39F8, 0x39F8,
 0x41F8, 0x39F7, 0x39F7, 0x41F8, 0x39F8, 0x41F7, 0x41F6, 0x41F7, 0x41F7, 0x41F7, 0x41F8, 0x39F8, 0x39F8, 0x39F8, 0x39F7, 0x41F7,
 0x39F7, 0x39F7, 0x39F7, 0x39F7, 0x39F7, 0x41F7, 0x39F8, 0x39F8, 0x39F7, 0x39F7, 0x39F8, 0x39F8, 0x39F8, 0x41F8, 0x41F8, 0x41F8,
 0x41F8, 0x39F8, 0x39F8, 0x39F8, 0x39F8, 0x39F8, 0x39F8, 0x39F8, 0x39F7, 0x39F7, 0x39F8, 0x39F7, 0x39F7, 0x39F7, 0x39D7, 0x39F7,
 0x39F7, 0x39F7, 0x39F7, 0x39F7, 0x39F7, 0x39F7, 0x39F7, 0x39F7, 0x39F7, 0x39F7, 0x39F7, 0x39F7, 0x39F7, 0x39F7, 0x39F7, 0x39F7,
 0x39F7, 0x39F7, 0x39F7, 0x39D7, 0x39D7, 0x39F8, 0x39F8, 0x39F8, 0x39D7, 0x39F8, 0x39F8, 0x39F8, 0x39F8, 0x39F8, 0x39F8, 0x39F7,
 0x39F8, 0x39D7, 0x39F7, 0x39F7, 0x39D6, 0x5AB9, 0x5A98, 0x39D6, 0x39F8, 0x39F7, 0x39F7, 0x39D7, 0x39D7, 0x39F7, 0x39F7, 0x31D7,
 0x39F8, 0x39F8, 0x39F8, 0x39F8, 0x3A18, 0x39F8, 0x39F8, 0x39F7, 0x39F7, 0x39F7, 0x39F7, 0x39F7, 0x39F7, 0x41F8, 0x41F8, 0x41F8,
 0x41F8, 0x41F8, 0x39F8, 0x39F8, 0x39F8, 0x39F8, 0x41F8, 0x41F8, 0x41F7, 0x3A17, 0x39F8, 0x41F8, 0x41F8, 0x41F7, 0x4A37, 0x5A99,
 0x41D7, 0x41F7, 0x41F7, 0x41F8, 0x39F8, 0x39F8, 0x41F7, 0x41F7, 0x41F7, 0x41F7, 0x41F7, 0x39F7, 0x41F7, 0x41F7, 0x39F8, 0x41F8,
 0x41F8, 0x39F7, 0x39F8, 0x39F8, 0x39F8, 0x41F8, 0x41F8, 0x41F8, 0x41F8, 0x39F7, 0x39F8, 0x39F8, 0x39F8, 0x39F8, 0x39F8, 0x39F8,
 0x39F8, 0x39F8, 0x39F7, 0x39F7, 0x39F7, 0x39F7, 0x39F7, 0x39F7, 0x39F7, 0x39F7, 0x39F7, 0x39D7, 0x39F7, 0x39F7, 0x39F7, 0x39F7,
 0x39F7, 0x39F7, 0x39F7, 0x39F7, 0x39F7, 0x39F7, 0x39F7, 0x39F7, 0x39F7, 0x39F7, 0x39F8, 0x39D7, 0x39D7, 0x39F8, 0x39F7, 0x39F7,
 0x39F8, 0x39F8, 0x39F8, 0x39F8, 0x39F8, 0x39F8, 0x39F7, 0x39F8, 0x31F7, 0x31F7, 0x39F7, 0x39F7, 0x39D7, 0x4A38, 0x4217, 0x39D7,
 0x39F7, 0x39F7, 0x39F7, 0x39D7, 0x39F7, 0x39F7, 0x39F7, 0x39F7, 0x39F8, 0x39F8, 0x39F8, 0x39F8, 0x3A18, 0x39F8, 0x39F8, 0x39F7,
 0x39F7, 0x39F8, 0x39F8, 0x39F7, 0x39F7, 0x39F7, 0x41F8, 0x41F8, 0x41F8, 0x41F8, 0x39F8, 0x39F8, 0x41F8, 0x41F8, 0x41F8, 0x41F8,
 0x41F8, 0x41F7, 0x39F8, 0x41F8, 0x41F8, 0x41F7, 0x4217, 0x5258, 0x41F7, 0x41F7, 0x41F8, 0x39F8, 0x39F8, 0x41F8, 0x41F7, 0x41F7,
 0x41F7, 0x41F7, 0x39F7, 0x41F7, 0x41F7, 0x41F7, 0x39F8, 0x41F8, 0x41F8, 0x39F7, 0x39F8, 0x41F8, 0x39F8, 0x41F8, 0x41F8, 0x41F8,
 0x41F8, 0x39F8, 0x39F8, 0x39F8, 0x39F8, 0x39F8, 0x39F8, 0x39F8, 0x39F8, 0x39F8, 0x39F7, 0x39F7, 0x39F7, 0x39F7, 0x39F7, 0x39F7,
 0x39F7, 0x39F7, 0x39F7, 0x39F7, 0x39F7, 0x39F7, 0x39F7, 0x39F7, 0x39F7, 0x39F7, 0x39F7, 0x39F7, 0x39F7, 0x39F7, 0x39F7, 0x39F7,
 0x39F7, 0x39F7, 0x39F7, 0x4218, 0x41F8, 0x39F7, 0x39F7, 0x39F8, 0x39F7, 0x39F7, 0x39F7, 0x39F7, 0x39F7, 0x39F7, 0x39F7, 0x39F7,
 0x31F7, 0x31F7, 0x31F7, 0x31F7, 0x39F8, 0x39D7, 0x39D7, 0x39F7, 0x39F7, 0x39F7, 0x39D7, 0x39D7, 0x39F7, 0x39F7, 0x39F7, 0x39F7,
 0x39F8, 0x4218, 0x41F7, 0x41F7, 0x41F7, 0x39F7, 0x39F8, 0x41F8, 0x39F8, 0x39F8, 0x39F8, 0x39F7, 0x39F8, 0x39F8, 0x41F8, 0x4218,
 0x4218, 0x41F8, 0x41F8, 0x41F8, 0x41F8, 0x41F8, 0x41F8, 0x41F8, 0x41F8, 0x41F8, 0x3A17, 0x39F8, 0x3A18, 0x4218, 0x41F7, 0x39D7,
 0x41F7, 0x41F7, 0x41F8, 0x39F8, 0x39F8, 0x41F8, 0x41F8, 0x41D7, 0x41F8, 0x39F8, 0x41F8, 0x39F8, 0x41F7, 0x41F7, 0x41F8, 0x41F8,
 0x41F8, 0x41F8, 0x41F8, 0x41F8, 0x41F8, 0x41F8, 0x41F8, 0x41F8, 0x41F8, 0x41F8, 0x41F8, 0x41F8, 0x39F8, 0x39F8, 0x39F8, 0x39F8,
 0x39F8, 0x39F8, 0x39F7, 0x39F7, 0x39F7, 0x39F7, 0x39F7, 0x39F7, 0x39F7, 0x39F7, 0x39F7, 0x39F7, 0x39F7, 0x39F8, 0x39F7, 0x39F7,
 0x39F7, 0x39F7, 0x39F8, 0x39F7, 0x39F7, 0x39F8, 0x39F8, 0x39F8, 0x39F8, 0x3A17, 0x39D7, 0x5279, 0x4238, 0x39F7, 0x39F7, 0x39F7,
 0x39F7, 0x39F7, 0x39F7, 0x39F7, 0x39F7, 0x39F7, 0x39F7, 0x39F7, 0x39F7, 0x39F7, 0x39F7, 0x31F7, 0x31D8, 0x39F7, 0x39F7, 0x39F7,
 0x39F7, 0x39D7, 0x39D7, 0x39D7, 0x39F7, 0x39F7, 0x39F7, 0x39F7, 0x41F8, 0x4218, 0x41F8, 0x41F7, 0x41F7, 0x41F7, 0x41F7, 0x39F8,
 0x39F8, 0x39F8, 0x39F7, 0x39F8, 0x39F8, 0x41F8, 0x41F8, 0x41F8, 0x41F8, 0x41F8, 0x41F8, 0x41F8, 0x41F8, 0x41F8, 0x41F8, 0x39F8,
 0x41F8, 0x41F8, 0x3A17, 0x3A18, 0x39F8, 0x39F7, 0x39F7, 0x41F7, 0x39F7, 0x41F8, 0x39F8, 0x39F8, 0x39F8, 0x41F8, 0x41F8, 0x41F8,
 0x41F8, 0x39F8, 0x39F8, 0x39F8, 0x41F8, 0x41F8, 0x41F7, 0x41F7, 0x41F8, 0x41F8, 0x41F8, 0x4218, 0x4218, 0x41F8, 0x41F8, 0x41F8,
 0x41F8, 0x41F8, 0x41F8, 0x39F8, 0x39F8, 0x39F8, 0x39F8, 0x39F8, 0x39F8, 0x39F8, 0x39F7, 0x39F7, 0x39F7, 0x39F7, 0x39F7, 0x39F7,
 0x41F7, 0x41F7, 0x41F7, 0x39F7, 0x39F7, 0x39F8, 0x39F7, 0x39F7, 0x39F7, 0x39F7, 0x39F8, 0x39F8, 0x39F8, 0x39F8, 0x41F8, 0x41F8,
 0x41F8, 0x41F7, 0x41F7, 0x39F7, 0x41F7, 0x3A17, 0x39F7, 0x39F7, 0x39F7, 0x39F7, 0x39F8, 0x39F7, 0x4237, 0x39F7, 0x39F8, 0x39F7,
 0x39F7, 0x39F7, 0x39F8, 0x39F8, 0x39D7, 0x39D7, 0x39F7, 0x39F7, 0x39D7, 0x39D7, 0x39F7, 0x39F7, 0x39F7, 0x41F7, 0x39F8, 0x39F8,
 0x4218, 0x4218, 0x4218, 0x4218, 0x4218, 0x4218, 0x41F8, 0x4218, 0x4218, 0x41F8, 0x39F7, 0x39F7, 0x41F8, 0x41F8, 0x41F8, 0x41F8,
 0x41F8, 0x41F8, 0x41F7, 0x41F7, 0x39F7, 0x41F8, 0x41F8, 0x41F8, 0x41F8, 0x41F8, 0x41F7, 0x41F8, 0x41F7, 0x39F7, 0x39F7, 0x39F7,
 0x41F8, 0x41F8, 0x41F8, 0x3A17, 0x3A17, 0x39F8, 0x41F8, 0x39F8, 0x39F8, 0x39F8, 0x39F8, 0x39F8, 0x39F8, 0x39F8, 0x39F7, 0x39F7,
 0x41F7, 0x41F8, 0x39F8, 0x39F8, 0x3A17, 0x3A17, 0x41F8, 0x41F8, 0x41F8, 0x41F8, 0x41F8, 0x39F8, 0x41F8, 0x41F8, 0x41F8, 0x41F8,
 0x39F8, 0x41F8, 0x41F8, 0x41F8, 0x41D8, 0x41D7, 0x39F7, 0x39F7, 0x39F7, 0x41F7, 0x41F8, 0x41F7, 0x41F7, 0x41F7, 0x39F7, 0x39F7,
 0x39F7, 0x39F7, 0x39F8, 0x41F8, 0x41F8, 0x41F8, 0x4218, 0x41F8, 0x41F8, 0x41F8, 0x3A17, 0x4218, 0x3A18, 0x3A18, 0x39F7, 0x39F7,
 0x39F7, 0x3A17, 0x41F9, 0x4218, 0x4216, 0x39F7, 0x39F9, 0x39F8, 0x39D7, 0x39F7, 0x39F8, 0x39F7, 0x39F7, 0x39F7, 0x39F7, 0x39F7,
 0x39F7, 0x39F7, 0x39F7, 0x41F7, 0x41F7, 0x41F7, 0x39F8, 0x39F8, 0x4218, 0x4218, 0x4218, 0x4218, 0x4218, 0x4218, 0x41F8, 0x41F8,
 0x41F8, 0x41F8, 0x39F8, 0x39F8, 0x41F8, 0x41F8, 0x41F8, 0x41F8, 0x41F8, 0x39F8, 0x41F8, 0x41F8, 0x41F8, 0x41F8, 0x41F8, 0x41F8,
 0x41F8, 0x41F8, 0x41F8, 0x39F8, 0x41F8, 0x39F8, 0x39F8, 0x41F7, 0x41F7, 0x41D6, 0x41F7, 0x4217, 0x39F7, 0x41F8, 0x41F8, 0x39F8,
 0x41F8, 0x41F8, 0x41F8, 0x39F8, 0x39F8, 0x41F8, 0x39F8, 0x41F8, 0x41F7, 0x41F8, 0x41F8, 0x41F8, 0x41F8, 0x4218, 0x39F8, 0x39F8,
 0x41F8, 0x41F8, 0x39F8, 0x39F8, 0x39F8, 0x39F8, 0x39F8, 0x39F8, 0x39F8, 0x39F8, 0x39F8, 0x39F7, 0x41F6, 0x39F7, 0x39F7, 0x39F7,
 0x39F8, 0x41F8, 0x41F7, 0x41F8, 0x41F8, 0x41F8, 0x41F8, 0x41F8, 0x41F8, 0x41F8, 0x39F8, 0x39F8, 0x41F8, 0x4218, 0x41F8, 0x41F8,
 0x41F8, 0x41F8, 0x41F8, 0x41F8, 0x41F8, 0x41F8, 0x39F8, 0x39F8, 0x41F8, 0x39F8, 0x41F7, 0x41F7, 0x41F7, 0x4216, 0x39D5, 0x41F7,
 0x41F7, 0x39F7, 0x41F8, 0x39F8, 0x39F7, 0x39F7, 0x41F8, 0x41F7, 0x41F7, 0x41F7, 0x41F7, 0x41F7, 0x41F7, 0x41F8, 0x41F7, 0x41F7,
 0x41F8, 0x41F8, 0x41F8, 0x41F8, 0x41F8, 0x41F8, 0x4218, 0x39F8, 0x39F8, 0x41F8, 0x39F8, 0x39F8, 0x41F8, 0x41F8, 0x39F8, 0x4218,
 0x3A18, 0x39F8, 0x39F8, 0x39F8, 0x39F8, 0x39F8, 0x39F8, 0x39F8, 0x39F8, 0x39F8, 0x39F8, 0x39F8, 0x39F8, 0x39F8, 0x39F8, 0x41F8,
 0x41F7, 0x62D9, 0x4216, 0x41F7, 0x39F8, 0x41F7, 0x41F7, 0x41F8, 0x41F8, 0x41F8, 0x41F8, 0x41F8, 0x41F8, 0x39F7, 0x39F7, 0x41F8,
 0x41F8, 0x41F7, 0x41F6, 0x41F7, 0x41F8, 0x41F8, 0x3A18, 0x41F8, 0x39F8, 0x41F8, 0x41F8, 0x39F8, 0x39F8, 0x39F8, 0x39F8, 0x39F7,
 0x39F8, 0x39F8, 0x39F7, 0x39F7, 0x39F7, 0x39F7, 0x39F8, 0x39F7, 0x41F7, 0x41F5, 0x41F5, 0x41F7, 0x41F8, 0x41F8, 0x41F8, 0x41F8,
 0x41F8, 0x41F8, 0x39F8, 0x41F8, 0x41F8, 0x41F8, 0x41F8, 0x41F8, 0x41F8, 0x41F8, 0x41F8, 0x41F8, 0x41F8, 0x41F8, 0x41F8, 0x41F8,
 0x41F7, 0x41F8, 0x41F8, 0x41F7, 0x41F9, 0x49F7, 0x6B58, 0x4A17, 0x41D8, 0x41F8, 0x41F8, 0x41F8, 0x41F8, 0x41F8, 0x41F8, 0x41F7,
 0x41F7, 0x41F7, 0x41F7, 0x41F7, 0x41F8, 0x41F8, 0x41F7, 0x39D6, 0x41F8, 0x41F8, 0x41F8, 0x41F8, 0x41F8, 0x41F8, 0x4218, 0x39F8,
 0x41F8, 0x39F8, 0x39F8, 0x39F8, 0x41F8, 0x41F8, 0x4218, 0x4218, 0x3A18, 0x39F7, 0x39F7, 0x41F8, 0x41F8, 0x39F8, 0x39F8, 0x39F7,
 0x39F8, 0x39F8, 0x39F8, 0x39F8, 0x41F8, 0x39F8, 0x39F8, 0x41F8, 0x41F7, 0x5AD9, 0x4216, 0x41F8, 0x41F8, 0x41F7, 0x41F7, 0x39F8,
 0x39F8, 0x39F8, 0x39F8, 0x39F8, 0x39F8, 0x39F7, 0x3A16, 0x41F8, 0x41D8, 0x4A37, 0x73BA, 0x4215, 0x41F8, 0x39F8, 0x39F8, 0x41F8,
 0x39F8, 0x39F8, 0x41F8, 0x39F8, 0x41F8, 0x41F8, 0x39F8, 0x39F7, 0x39F8, 0x41F8, 0x41F8, 0x39F8, 0x39F8, 0x39F8, 0x39D8, 0x41F8,
 0x39D6, 0x5AB7, 0x6B59, 0x39D6, 0x41F8, 0x41F8, 0x41F7, 0x39F7, 0x39F7, 0x39F7, 0x41F7, 0x39F8, 0x41F8, 0x4218, 0x41F8, 0x41F8,
 0x41F8, 0x39F7, 0x41F7, 0x41F8, 0x41F8, 0x41F7, 0x41F8, 0x41F8, 0x41F7, 0x4218, 0x4218, 0x4217, 0x41F9, 0x41F8, 0x5A97, 0x41F7,
 0x41F8, 0x39F8, 0x39F8, 0x39F8, 0x3A18, 0x39F8, 0x41F8, 0x41F7, 0x4217, 0x4A59, 0x41F7, 0x41F7, 0x41F8, 0x41F8, 0x41F7, 0x5A98,
 0x41F7, 0x41F7, 0x41F8, 0x41F8, 0x41F8, 0x41F7, 0x41F8, 0x41F8, 0x41F8, 0x41F8, 0x41F8, 0x41F8, 0x41F8, 0x41F7, 0x41F7, 0x4218,
 0x41F7, 0x4A17, 0x4217, 0x41F7, 0x41F8, 0x41F8, 0x41F8, 0x41F7, 0x41F8, 0x41F7, 0x41F7, 0x41F7, 0x41F7, 0x41F8, 0x41F7, 0x39F8,
 0x41F7, 0x39D6, 0x41F7, 0x41F8, 0x41F9, 0x41F7, 0x41F7, 0x41F7, 0x41F7, 0x41F7, 0x39F7, 0x39F7, 0x41F7, 0x41F7, 0x41F8, 0x41F8,
 0x41F8, 0x4217, 0x4A37, 0x41F7, 0x41F8, 0x41F8, 0x41F7, 0x41F7, 0x41F7, 0x41F8, 0x41F7, 0x41F8, 0x41F7, 0x41F8, 0x41F8, 0x41F7,
 0x41F7, 0x41F7, 0x41F7, 0x41F7, 0x41F7, 0x41F7, 0x41F7, 0x41F7, 0x41F7, 0x4A37, 0x5257, 0x39F7, 0x41F7, 0x41F7, 0x41F7, 0x41F7,
 0x39F7, 0x41F7, 0x41F7, 0x41F7, 0x41F8, 0x41F7, 0x41F8, 0x41F8, 0x41F8, 0x41F7, 0x41F7, 0x41F7, 0x41F7, 0x41F7, 0x41F7, 0x41F7,
 0x41F7, 0x4217, 0x41F8, 0x41F8, 0x4218, 0x4218, 0x41F7, 0x41F8, 0x41F8, 0x41F7, 0x39F7, 0x39F7, 0x39F7, 0x39F7, 0x41F7, 0x41F7,
 0x41F7, 0x4218, 0x41F7, 0x41F8, 0x41F8, 0x41F8, 0x41F7, 0x5278, 0x41F7, 0x41F7, 0x41F7, 0x41F8, 0x4218, 0x4218, 0x41F8, 0x41F7,
 0x41F7, 0x41F7, 0x39F7, 0x41F8, 0x4A18, 0x49F8, 0x4A18, 0x49F7, 0x4A17, 0x5A78, 0x5238, 0x49F7, 0x5218, 0x4A18, 0x4A18, 0x4A18,
 0x4218, 0x41F8, 0x41F8, 0x4218, 0x4218, 0x41F7, 0x41F7, 0x41F8, 0x41F8, 0x4A18, 0x4A18, 0x4218, 0x4218, 0x4A18, 0x4A18, 0x41F8,
 0x41F7, 0x41F8, 0x41F8, 0x41F8, 0x4A18, 0x4A18, 0x49F9, 0x4A18, 0x4A18, 0x49F8, 0x49F9, 0x49F8, 0x4A18, 0x41F8, 0x41F7, 0x49F7,
 0x4A18, 0x49F8, 0x49F8, 0x4A18, 0x41F7, 0x49F8, 0x4A18, 0x49F8, 0x4A18, 0x4A18, 0x4A18, 0x4A17, 0x4A17, 0x4A17, 0x4A17, 0x49F7,
 0x41F8, 0x49F7, 0x49F7, 0x4A18, 0x49F8, 0x41F7, 0x41F7, 0x4A17, 0x4A18, 0x41F7, 0x41F7, 0x49F8, 0x49F7, 0x49F8, 0x4A18, 0x4A18,
 0x4A18, 0x41F8, 0x4217, 0x4A18, 0x41F7, 0x41F7, 0x49F7, 0x41F7, 0x49F7, 0x41F7, 0x41F9, 0x41F7, 0x4A17, 0x4218, 0x41F8, 0x41F8,
 0x49F8, 0x4A18, 0x41F7, 0x41F7, 0x41F7, 0x41F7, 0x49F8, 0x4A38, 0x41F7, 0x41F7, 0x41F7, 0x4A18, 0x4A18, 0x49F8, 0x49F7, 0x41D6,
 0x41F8, 0x4218, 0x4A18, 0x41F8, 0x41F8, 0x4A18, 0x4A18, 0x41F7, 0x4A18, 0x41F7, 0x41F7, 0x4218, 0x4A18, 0x5218, 0x5238, 0x4A18,
 0x5258, 0x5237, 0x51F6, 0x5217, 0x5218, 0x5218, 0x5218, 0x5218, 0x4A18, 0x4A18, 0x4A18, 0x4A38, 0x4A18, 0x49F8, 0x49F8, 0x4A18,
 0x49F8, 0x49F8, 0x49F8, 0x4A17, 0x4A17, 0x4A18, 0x5218, 0x4A18, 0x4A18, 0x4A18, 0x4A18, 0x4A18, 0x4A18, 0x4A18, 0x4A18, 0x5218,
 0x5218, 0x51F8, 0x5218, 0x4A18, 0x4A18, 0x4A17, 0x49F7, 0x4A18, 0x5218, 0x4A18, 0x4A18, 0x4A18, 0x5238, 0x5238, 0x5218, 0x4A18,
 0x4A18, 0x5218, 0x4A18, 0x4A18, 0x49F8, 0x49F8, 0x4A18, 0x4A18, 0x4A18, 0x4A18, 0x4A18, 0x5218, 0x5218, 0x5218, 0x49F8, 0x49F7,
 0x5218, 0x4A18, 0x4A18, 0x4A18, 0x49F8, 0x5218, 0x5238, 0x49F7, 0x49F8, 0x4A18, 0x4A18, 0x4A17, 0x4A18, 0x4A18, 0x4A18, 0x4A18,
 0x49F8, 0x49F8, 0x5218, 0x5218, 0x5238, 0x4A37, 0x4A18, 0x4A18, 0x49F8, 0x49F7, 0x4A18, 0x4A18, 0x49F7, 0x49F7, 0x5218, 0x4A18,
 0x4A18, 0x41F7, 0x49F7, 0x49F8, 0x5218, 0x49F8, 0x49D7, 0x49F8, 0x41F7, 0x41F8, 0x4A18, 0x41F8, 0x49F8, 0x4A17, 0x5217, 0x5217,
 0x5A18, 0x5217, 0x4217, 0x4A18, 0x4A18, 0x4A17, 0x5218, 0x5218, 0x5218, 0x5238, 0x5A38, 0x5238, 0x5218, 0x5218, 0x5218, 0x4A18,
 0x4A18, 0x4A18, 0x5218, 0x4A18, 0x4A18, 0x4A18, 0x4A18, 0x4A18, 0x4A18, 0x4A18, 0x4A18, 0x4A18, 0x4A17, 0x4A17, 0x5218, 0x5218,
 0x5218, 0x5218, 0x51F7, 0x51F7, 0x5218, 0x5218, 0x5218, 0x5218, 0x5218, 0x5218, 0x5218, 0x5218, 0x5218, 0x5218, 0x5218, 0x5218,
 0x5218, 0x5218, 0x5218, 0x5218, 0x5218, 0x5218, 0x5218, 0x5218, 0x5218, 0x5218, 0x5218, 0x5218, 0x5218, 0x5218, 0x5218, 0x5218,
 0x5217, 0x5218, 0x5218, 0x5217, 0x5217, 0x5218, 0x5218, 0x5218, 0x5218, 0x5218, 0x5218, 0x5218, 0x5218, 0x5218, 0x5218, 0x5218,
 0x5218, 0x5218, 0x5218, 0x5217, 0x5218, 0x5218, 0x5218, 0x5217, 0x5217, 0x5218, 0x5218, 0x5218, 0x5238, 0x5238, 0x5218, 0x4A18,
 0x5218, 0x5218, 0x5218, 0x5218, 0x5218, 0x5218, 0x5218, 0x5218, 0x5218, 0x5218, 0x5218, 0x5218, 0x5218, 0x5218, 0x51F8, 0x5217,
 0x49F8, 0x4A18, 0x4A18, 0x4A18, 0x4A38, 0x5218, 0x5217, 0x5217, 0x5217, 0x5217, 0x4A18, 0x4A18, 0x4A18, 0x5218, 0x5218, 0x5218,
 0x5238, 0x5238, 0x5238, 0x5238, 0x5238, 0x5238, 0x5218, 0x5218, 0x5218, 0x5238, 0x5218, 0x5218, 0x5238, 0x5218, 0x5218, 0x5218,
 0x5218, 0x5218, 0x5218, 0x5218, 0x5218, 0x5218, 0x5218, 0x5218, 0x5218, 0x5218, 0x5218, 0x5218, 0x5218, 0x5218, 0x5218, 0x5218,
 0x5218, 0x5218, 0x5218, 0x5218, 0x5218, 0x5218, 0x5218, 0x5218, 0x5218, 0x5218, 0x5218, 0x5218, 0x5218, 0x5218, 0x5238, 0x5218,
 0x5218, 0x5218, 0x5218, 0x5218, 0x5218, 0x5218, 0x5218, 0x5218, 0x5218, 0x5218, 0x5218, 0x5217, 0x5217, 0x5217, 0x5217, 0x5217,
 0x5217, 0x5217, 0x5217, 0x5218, 0x5217, 0x5217, 0x5218, 0x5218, 0x5218, 0x5218, 0x5218, 0x5218, 0x5218, 0x5218, 0x5218, 0x5238,
 0x5238, 0x5238, 0x5238, 0x5218, 0x5218, 0x5218, 0x5218, 0x5218, 0x5218, 0x5218, 0x5218, 0x5218, 0x5218, 0x5218, 0x5218, 0x5218,
 0x5238, 0x5218, 0x5218, 0x5218, 0x5218, 0x5218, 0x5218, 0x5218, 0x5218, 0x4A18, 0x4A18, 0x5218, 0x5218, 0x5218, 0x5218, 0x5218,
 0x5218, 0x5218, 0x5218, 0x5218, 0x5217, 0x5218, 0x5218, 0x5217, 0x5238, 0x5238, 0x5238, 0x5238, 0x5238, 0x5218, 0x5238, 0x5238,
 0x5218, 0x5218, 0x5218, 0x5218, 0x5218, 0x5218, 0x5218, 0x5218, 0x5218, 0x5218, 0x5218, 0x5218, 0x5218, 0x5218, 0x5218, 0x5218,
 0x5218, 0x5218, 0x5218, 0x5218, 0x5218, 0x5218, 0x5218, 0x5218, 0x5218, 0x5218, 0x5218, 0x5218, 0x5218, 0x5218, 0x5218, 0x5218,
 0x5218, 0x5218, 0x5218, 0x5238, 0x5218, 0x5218, 0x5218, 0x5218, 0x5218, 0x5218, 0x5218, 0x5218, 0x5218, 0x5218, 0x5218, 0x5218,
 0x5218, 0x5218, 0x5218, 0x5218, 0x5218, 0x5218, 0x5218, 0x5218, 0x5218, 0x5218, 0x5218, 0x5218, 0x5218, 0x5A59, 0x5217, 0x5217,
 0x5217, 0x5238, 0x5238, 0x5218, 0x5238, 0x5238, 0x5238, 0x5238, 0x5218, 0x5238, 0x5238, 0x5218, 0x5218, 0x5218, 0x5218, 0x5218,
 0x5218, 0x5218, 0x5218, 0x5218, 0x5218, 0x5218, 0x5238, 0x5218, 0x5218, 0x5218, 0x5218, 0x5218, 0x5217, 0x5217, 0x5218, 0x5218,
 0x5218, 0x5218, 0x5218, 0x5217, 0x5217, 0x5217, 0x5218, 0x5218, 0x5218, 0x5218, 0x5218, 0x5217, 0x5217, 0x5217, 0x5218, 0x5217,
 0x5217, 0x5238, 0x5238, 0x5218, 0x5218, 0x5218, 0x5217, 0x5217, 0x5218, 0x5218, 0x5218, 0x5218, 0x5218, 0x5218, 0x5218, 0x5218,
 0x5218, 0x5218, 0x5218, 0x5218, 0x5218, 0x5218, 0x5218, 0x5218, 0x5218, 0x5218, 0x5218, 0x5218, 0x5218, 0x5218, 0x5218, 0x5218,
 0x5218, 0x5218, 0x5218, 0x5218, 0x5218, 0x5218, 0x5218, 0x5218, 0x5218, 0x5218, 0x5218, 0x5218, 0x5218, 0x5218, 0x5218, 0x5218,
 0x5218, 0x5218, 0x5218, 0x5218, 0x5218, 0x5218, 0x5218, 0x5218, 0x5218, 0x5218, 0x5218, 0x5218, 0x5218, 0x5218, 0x5218, 0x5218,
 0x5218, 0x5218, 0x5238, 0x5217, 0x5217, 0x5A58, 0x5218, 0x5217, 0x5218, 0x5238, 0x5218, 0x5218, 0x5218, 0x5218, 0x5218, 0x5217,
 0x5217, 0x5218, 0x5218, 0x5218, 0x5218, 0x5218, 0x5218, 0x5218, 0x5218, 0x5218, 0x5218, 0x5218, 0x5238, 0x5218, 0x5218, 0x5218,
 0x5218, 0x5218, 0x5218, 0x5217, 0x5218, 0x5218, 0x5217, 0x5217, 0x5218, 0x5218, 0x5217, 0x5217, 0x5217, 0x5217, 0x5218, 0x5218,
 0x5218, 0x5218, 0x5218, 0x5218, 0x5217, 0x5217, 0x5218, 0x5237, 0x5237, 0x5217, 0x5217, 0x5218, 0x5218, 0x5218, 0x5217, 0x5217,
 0x5217, 0x5218, 0x5218, 0x5218, 0x5217, 0x5218, 0x5218, 0x5A18, 0x5217, 0x5218, 0x5218, 0x5218, 0x5218, 0x5218, 0x5218, 0x5218,
 0x5218, 0x5218, 0x5218, 0x5218, 0x5218, 0x5218, 0x5218, 0x5218, 0x5218, 0x5218, 0x5218, 0x5218, 0x5218, 0x5218, 0x5218, 0x5218,
 0x5218, 0x5218, 0x5218, 0x5218, 0x5218, 0x5218, 0x5218, 0x5218, 0x5218, 0x5218, 0x5218, 0x5218, 0x5218, 0x5218, 0x5218, 0x5218,
 0x5218, 0x5218, 0x5218, 0x5218, 0x5218, 0x5218, 0x5218, 0x5218, 0x5218, 0x5218, 0x5238, 0x5217, 0x5217, 0x5217, 0x5217, 0x5218,
 0x5238, 0x5238, 0x5218, 0x5218, 0x5218, 0x5218, 0x5218, 0x5218, 0x5218, 0x5218, 0x5218, 0x5218, 0x5218, 0x5218, 0x5218, 0x5218,
 0x5218, 0x5218, 0x5218, 0x5218, 0x5218, 0x5218, 0x5218, 0x5218, 0x5218, 0x5218, 0x5218, 0x5218, 0x5218, 0x5218, 0x5218, 0x5218,
 0x5218, 0x5218, 0x5218, 0x5217, 0x5217, 0x5218, 0x5218, 0x5218, 0x5218, 0x5218, 0x5218, 0x5218, 0x5218, 0x5217, 0x5218, 0x5218,
 0x5217, 0x5A57, 0x6AB9, 0x5A37, 0x5218, 0x5218, 0x5218, 0x5217, 0x5217, 0x5217, 0x5218, 0x5218, 0x5217, 0x5238, 0x5217, 0x5217,
 0x5A38, 0x5217, 0x5218, 0x5218, 0x5218, 0x5218, 0x5218, 0x5218, 0x5218, 0x5218, 0x5218, 0x5218, 0x5218, 0x5218, 0x5218, 0x5218,
 0x5218, 0x5218, 0x5218, 0x5218, 0x5218, 0x5218, 0x5218, 0x5218, 0x5218, 0x5218, 0x5218, 0x5218, 0x5218, 0x5218, 0x5218, 0x5218,
 0x5218, 0x5218, 0x5218, 0x5218, 0x5218, 0x5218, 0x5218, 0x5218, 0x5218, 0x5218, 0x5218, 0x5218, 0x5218, 0x5218, 0x5218, 0x5218,
 0x5218, 0x5218, 0x5217, 0x5218, 0x5218, 0x5218, 0x5217, 0x5218, 0x5218, 0x5238, 0x5218, 0x5218, 0x5218, 0x5218, 0x5217, 0x5218,
 0x5217, 0x5218, 0x5218, 0x5218, 0x5218, 0x5218, 0x5218, 0x5218, 0x5218, 0x5218, 0x5238, 0x5238, 0x5218, 0x5218, 0x5218, 0x5218,
 0x5217, 0x5218, 0x5218, 0x5218, 0x5218, 0x5218, 0x5218, 0x5218, 0x5218, 0x5217, 0x5217, 0x5218, 0x5217, 0x5218, 0x5218, 0x5218,
 0x5218, 0x5218, 0x5218, 0x5218, 0x5218, 0x5218, 0x5218, 0x5218, 0x5217, 0x5A36, 0x6298, 0x5A37, 0x5238, 0x5238, 0x5218, 0x5217,
 0x5217, 0x5217, 0x5218, 0x5238, 0x5217, 0x5217, 0x5217, 0x5237, 0x5237, 0x5217, 0x5217, 0x5217, 0x5218, 0x5218, 0x5218, 0x5218,
 0x5218, 0x5218, 0x5218, 0x5218, 0x5218, 0x5218, 0x5218, 0x5218, 0x5218, 0x5218, 0x5218, 0x5238, 0x5218, 0x5218, 0x5218, 0x5218,
 0x5218, 0x5218, 0x5218, 0x5218, 0x5218, 0x5218, 0x5218, 0x5218, 0x5218, 0x5218, 0x5218, 0x5218, 0x5218, 0x5218, 0x5218, 0x5218,
 0x5218, 0x5218, 0x5218, 0x5218, 0x5218, 0x5218, 0x5218, 0x5218, 0x5218, 0x5218, 0x5218, 0x5218, 0x5218, 0x5A18, 0x5A18, 0x5238,
 0x5238, 0x5238, 0x5238, 0x5218, 0x5238, 0x5A38, 0x5218, 0x5A38, 0x5217, 0x5217, 0x5218, 0x5218, 0x5238, 0x5218, 0x5218, 0x5218,
 0x5218, 0x5218, 0x5218, 0x5238, 0x5218, 0x5217, 0x5218, 0x5217, 0x5218, 0x5217, 0x5217, 0x5217, 0x5218, 0x5218, 0x5218, 0x5218,
 0x51F7, 0x6276, 0x72D9, 0x51F7, 0x5A38, 0x5A38, 0x5217, 0x5218, 0x5217, 0x5218, 0x5218, 0x5218, 0x5237, 0x5237, 0x5237, 0x5218,
 0x5A18, 0x5A37, 0x5217, 0x5A37, 0x5A38, 0x5A18, 0x5218, 0x5218, 0x5218, 0x5218, 0x5217, 0x5217, 0x5A18, 0x5217, 0x5A37, 0x5A58,
 0x5217, 0x5238, 0x5238, 0x5218, 0x5218, 0x5A18, 0x5A18, 0x5A18, 0x5A18, 0x5218, 0x5218, 0x5218, 0x5217, 0x5217, 0x5218, 0x5217,
 0x5217, 0x5218, 0x5218, 0x5238, 0x5238, 0x5218, 0x5218, 0x5218, 0x5218, 0x5218, 0x5218, 0x5218, 0x5218, 0x5218, 0x5218, 0x5218,
 0x5218, 0x5218, 0x5238, 0x5218, 0x5218, 0x5218, 0x5218, 0x5218, 0x5218, 0x5218, 0x5218, 0x5218, 0x5218, 0x5218, 0x5218, 0x5218,
 0x5218, 0x5218, 0x5218, 0x5218, 0x5218, 0x5A18, 0x5A18, 0x5218, 0x5218, 0x5A38, 0x5A38, 0x5A18, 0x5A38, 0x5A38, 0x5A17, 0x6258,
 0x5A38, 0x5218, 0x5218, 0x5238, 0x5238, 0x5238, 0x5217, 0x5218, 0x5238, 0x5218, 0x5218, 0x5237, 0x5238, 0x5238, 0x5A37, 0x5217,
 0x5216, 0x5217, 0x5218, 0x5217, 0x5218, 0x5218, 0x5218, 0x5218, 0x51F7, 0x72B7, 0x72F8, 0x59F6, 0x5A17, 0x5217, 0x5218, 0x5218,
 0x5218, 0x5A17, 0x51F6, 0x5A17, 0x5237, 0x5237, 0x5237, 0x5238, 0x5A18, 0x5218, 0x5A38, 0x5A38, 0x5A38, 0x5218, 0x5218, 0x5218,
 0x5217, 0x5217, 0x5217, 0x5217, 0x5218, 0x5A18, 0x5217, 0x5217, 0x5217, 0x5218, 0x5238, 0x5218, 0x5218, 0x5218, 0x5A18, 0x5217,
 0x5217, 0x5218, 0x5218, 0x5238, 0x5238, 0x5238, 0x5238, 0x5238, 0x5217, 0x5218, 0x5218, 0x5218, 0x5238, 0x5238, 0x5218, 0x5218,
 0x5218, 0x5218, 0x5218, 0x5218, 0x5218, 0x5217, 0x5218, 0x5218, 0x5218, 0x5238, 0x5238, 0x5218, 0x5218, 0x5218, 0x5217, 0x5218,
 0x5218, 0x5218, 0x5218, 0x5218, 0x5218, 0x5218, 0x5218, 0x5218, 0x5218, 0x5218, 0x5218, 0x5218, 0x5218, 0x5238, 0x5238, 0x5238,
 0x5238, 0x5238, 0x5238, 0x5238, 0x5238, 0x5238, 0x5A37, 0x5A37, 0x5A17, 0x59F7, 0x5A17, 0x5217, 0x5238, 0x5218, 0x5217, 0x5A18,
 0x5217, 0x51F6, 0x5A16, 0x5A17, 0x5238, 0x5238, 0x5A37, 0x5216, 0x7318, 0x6257, 0x5217, 0x5236, 0x5218, 0x5237, 0x5237, 0x5238,
 0x5238, 0x5215, 0x5A16, 0x5A37, 0x5A17, 0x5A17, 0x5218, 0x5A18, 0x5218, 0x6256, 0x8338, 0x6236, 0x5A18, 0x5218, 0x5238, 0x5237,
 0x5237, 0x5217, 0x5A37, 0x5A37, 0x5238, 0x5218, 0x5218, 0x5238, 0x5A16, 0x6257, 0x6257, 0x5217, 0x5218, 0x5238, 0x5217, 0x5A17,
 0x5A17, 0x5A17, 0x5A17, 0x5218, 0x5238, 0x5238, 0x5217, 0x62B8, 0x6278, 0x5217, 0x5A38, 0x5218, 0x5218, 0x5218, 0x5238, 0x5238,
 0x5218, 0x5A18, 0x5A18, 0x5218, 0x5A18, 0x5217, 0x5217, 0x5217, 0x5A17, 0x5A17, 0x5A17, 0x5A17, 0x5A17, 0x5A17, 0x5A17, 0x5A18,
 0x5A38, 0x5A38, 0x5217, 0x5A17, 0x5A17, 0x5A38, 0x5A17, 0x5A18, 0x5A18, 0x5A18, 0x5A18, 0x5A38, 0x5238, 0x5217, 0x5218, 0x5A18,
 0x5218, 0x5238, 0x5238, 0x5217, 0x5238, 0x5238, 0x5238, 0x5238, 0x5238, 0x5238, 0x5238, 0x5238, 0x5237, 0x5237, 0x5A37, 0x5217,
 0x6237, 0x7278, 0x61F6, 0x5A17, 0x5217, 0x5217, 0x5A17, 0x5A17, 0x6216, 0x82F9, 0x6A36, 0x59F7, 0x5A18, 0x5237, 0x5A38, 0x5A17,
 0x6A96, 0x6237, 0x5A17, 0x5A17, 0x5218, 0x5218, 0x5238, 0x5A18, 0x5A18, 0x5A17, 0x6237, 0x6237, 0x5A17, 0x5A18, 0x5A18, 0x5A38,
 0x5A38, 0x6256, 0x7AD7, 0x6A37, 0x6218, 0x5A18, 0x5A17, 0x5A37, 0x5A17, 0x5A17, 0x5A17, 0x5A17, 0x5A17, 0x5A18, 0x5A18, 0x5A38,
 0x5A17, 0x6257, 0x6257, 0x5A17, 0x5A17, 0x5A17, 0x5A37, 0x6217, 0x6A38, 0x6217, 0x5A17, 0x5A17, 0x5A17, 0x5A17, 0x5A17, 0x5A37,
 0x6237, 0x5A17, 0x5A38, 0x5A17, 0x5A18, 0x5A18, 0x5A17, 0x5A18, 0x5A18, 0x6217, 0x6217, 0x6217, 0x6218, 0x6217, 0x6237, 0x6217,
 0x6217, 0x6237, 0x6217, 0x6237, 0x6237, 0x6237, 0x6238, 0x6217, 0x5A17, 0x5A37, 0x5A17, 0x5A17, 0x6217, 0x6217, 0x5A17, 0x5A37,
 0x5A17, 0x5A17, 0x5A17, 0x6217, 0x5A17, 0x5A17, 0x5A17, 0x6238, 0x59F7, 0x5A18, 0x5A38, 0x5A17, 0x5A17, 0x5A17, 0x5A17, 0x5A17,
 0x5A17, 0x5A17, 0x6218, 0x6238, 0x6217, 0x6217, 0x6238, 0x6218, 0x6A38, 0x7A77, 0x6216, 0x6238, 0x5A38, 0x5A38, 0x6238, 0x6A58,
 0x7237, 0x7277, 0x6A57, 0x6217, 0x6218, 0x5A38, 0x5A38, 0x6238, 0x5A17, 0x6238, 0x6238, 0x5A18, 0x5A18, 0x5A18, 0x5A18, 0x5A17,
 0x5A18, 0x5A19, 0x5A17, 0x6217, 0x6238, 0x6217, 0x6217, 0x59F7, 0x5A17, 0x6216, 0x6216, 0x6217, 0x6217, 0x6217, 0x6217, 0x6217,
 0x6218, 0x6217, 0x6237, 0x6237, 0x6238, 0x6238, 0x6238, 0x6238, 0x6237, 0x6238, 0x6238, 0x6217, 0x6A17, 0x6A37, 0x6A37, 0x6A37,
 0x6A57, 0x6A37, 0x6A37, 0x6A17, 0x6A17, 0x6A18, 0x6A17, 0x6A37, 0x6217, 0x6217, 0x6217, 0x6217, 0x6237, 0x6217, 0x6217, 0x6217,
 0x6A38, 0x6A37, 0x6A36, 0x6A17, 0x6A18, 0x6A37, 0x6A37, 0x6A37, 0x6A37, 0x6A37, 0x6A37, 0x6A17, 0x6A17, 0x6A38, 0x6A38, 0x6A17,
 0x6A38, 0x6A38, 0x6A37, 0x6A37, 0x6A37, 0x6237, 0x6237, 0x6237, 0x6237, 0x6217, 0x6A38, 0x6A38, 0x6A37, 0x6A37, 0x6A38, 0x6A17,
 0x69F7, 0x6217, 0x6A17, 0x6A17, 0x6A37, 0x6A38, 0x6A37, 0x6A37, 0x6A38, 0x6A17, 0x6A18, 0x6A38, 0x6A17, 0x6218, 0x6218, 0x6218,
 0x6218, 0x6217, 0x6237, 0x5A38, 0x5A38, 0x6238, 0x6217, 0x6A37, 0x6A57, 0x6217, 0x6238, 0x6237, 0x6238, 0x6238, 0x6238, 0x5A38,
 0x5A58, 0x6257, 0x6238, 0x6237, 0x6A37, 0x6A37, 0x6A36, 0x6A37, 0x5217, 0x5218, 0x5A18, 0x6237, 0x6217, 0x61F7, 0x6217, 0x6217,
 0x6217, 0x6217, 0x6218, 0x61F7, 0x6217, 0x6A36, 0x6A37, 0x6A17, 0x6A17, 0x6A17, 0x6A37, 0x6A17, 0x6A17, 0x6A38, 0x6A37, 0x6217,
 0x6217, 0x6238, 0x6A18, 0x6A17, 0x6A37, 0x7237, 0x7217, 0x6A17, 0x6A37, 0x6A16, 0x7217, 0x7217, 0x7217, 0x7217, 0x7217, 0x7238,
 0x6A17, 0x7238, 0x7237, 0x6A37, 0x6A37, 0x6A36, 0x6A37, 0x6A37, 0x7237, 0x7216, 0x7A77, 0x7A77, 0x71F7, 0x7217, 0x7217, 0x7217,
 0x7217, 0x6A17, 0x6A37, 0x6A37, 0x7217, 0x7217, 0x7217, 0x6A17, 0x7237, 0x6A37, 0x6A17, 0x6A17, 0x6A37, 0x6A37, 0x6217, 0x6A37,
 0x6A37, 0x6A17, 0x7237, 0x7217, 0x7217, 0x6A37, 0x7217, 0x7217, 0x7217, 0x6A17, 0x7217, 0x7217, 0x7217, 0x7217, 0x7217, 0x7217,
 0x7217, 0x6A37, 0x6217, 0x6217, 0x6237, 0x6217, 0x6238, 0x5A17, 0x6238, 0x6238, 0x5A18, 0x6238, 0x5A18, 0x6218, 0x6217, 0x6A17,
 0x6A37, 0x6218, 0x5A18, 0x6237, 0x6237, 0x6218, 0x6217, 0x5A17, 0x5A19, 0x6238, 0x6217, 0x6218, 0x6A37, 0x6A16, 0x6A17, 0x6A37,
 0x6217, 0x5A17, 0x6218, 0x6A17, 0x6A17, 0x6A17, 0x6A17, 0x6A17, 0x6A17, 0x6A17, 0x6A17, 0x6A17, 0x6A17, 0x6A17, 0x6A16, 0x6A17,
 0x6A17, 0x6A17, 0x6A37, 0x6A17, 0x6A37, 0x6A37, 0x6A37, 0x6A37, 0x6A37, 0x6A37, 0x6A18, 0x6A37, 0x7257, 0x6A37, 0x6A17, 0x6A17,
 0x6A37, 0x6A37, 0x7237, 0x7236, 0x7237, 0x7237, 0x7237, 0x7217, 0x7237, 0x7217, 0x7217, 0x7237, 0x6A37, 0x6A37, 0x6A36, 0x7217,
 0x7217, 0x7216, 0x8297, 0x82B8, 0x71F6, 0x7237, 0x7217, 0x7237, 0x7217, 0x6A37, 0x6A37, 0x6A37, 0x7237, 0x7237, 0x7237, 0x7237,
 0x6A37, 0x6A17, 0x6A17, 0x6A37, 0x6A37, 0x6A37, 0x6A37, 0x6A37, 0x6A17, 0x7217, 0x7217, 0x7217, 0x6A17, 0x6A37, 0x7217, 0x7217,
 0x7217, 0x6A17, 0x7217, 0x7217, 0x7217, 0x7217, 0x7217, 0x7217, 0x7217, 0x7237, 0x6A17, 0x6A17, 0x6A17, 0x6A38, 0x6217, 0x6238,
 0x6218, 0x6217, 0x6217, 0x6238, 0x61F7, 0x6217, 0x6237, 0x6A37, 0x7217, 0x6A17, 0x6238, 0x6238, 0x6237, 0x6237, 0x6217, 0x6217,
 0x6219, 0x6A38, 0x6A37, 0x6A19, 0x6A37, 0x6A17, 0x6A18, 0x6A37, 0x6A17, 0x6217, 0x6A17, 0x6A17, 0x6A17, 0x69F7, 0x6A17, 0x6A17,
 0x6A17, 0x6A17, 0x6A16, 0x6A17, 0x6A17, 0x6A17, 0x6A17, 0x6A37, 0x6A37, 0x6A17, 0x6A17, 0x6A37, 0x6A37, 0x6A17, 0x6217, 0x6A37,
 0x6A17, 0x6A17, 0x6A17, 0x6A17, 0x6A17, 0x6A37, 0x6A18, 0x6A37, 0x6A17, 0x7217, 0x7237, 0x7216, 0x7236, 0x6A37, 0x6A36, 0x7236,
 0x7216, 0x7217, 0x7217, 0x7237, 0x7237, 0x7237, 0x7237, 0x7217, 0x7217, 0x7236, 0x7215, 0x7236, 0x7237, 0x7217, 0x7217, 0x7237,
 0x7237, 0x7237, 0x6A37, 0x6A37, 0x6A37, 0x6A37, 0x6A37, 0x6A37, 0x6A37, 0x6A37, 0x6A37, 0x6A37, 0x6A17, 0x6A17, 0x6A17, 0x6A17,
 0x6A17, 0x7237, 0x7217, 0x7217, 0x6A37, 0x6A37, 0x7237, 0x7217, 0x7217, 0x6A37, 0x7217, 0x7217, 0x7217, 0x7217, 0x7217, 0x7217,
 0x7217, 0x7217, 0x7217, 0x7217, 0x7217, 0x6A17, 0x6A17, 0x6A17, 0x6A17, 0x6A37, 0x6A37, 0x6A17, 0x6A17, 0x6A17, 0x6A17, 0x6A17,
 0x7217, 0x6A17, 0x6A37, 0x6218, 0x6A17, 0x6A17, 0x6218, 0x6A37, 0x6A17, 0x6A37, 0x6A37, 0x6A37, 0x6A37, 0x6A17, 0x6A37, 0x6A17,
 0x6A17, 0x6A17, 0x6A17, 0x6A17, 0x6A17, 0x6A17, 0x6A17, 0x6A17, 0x6A17, 0x6A17, 0x69F7, 0x6A17, 0x6A17, 0x6A17, 0x6A17, 0x6A17,
 0x6A17, 0x6A17, 0x6A17, 0x6A17, 0x6A17, 0x6A17, 0x6A17, 0x6A17, 0x6237, 0x6217, 0x6A17, 0x6A17, 0x6A17, 0x6A17, 0x6A17, 0x7217,
 0x7217, 0x7217, 0x7217, 0x7217, 0x7217, 0x7217, 0x7217, 0x7216, 0x7216, 0x7217, 0x7237, 0x7237, 0x7237, 0x7237, 0x7237, 0x7216,
 0x7216, 0x7216, 0x7217, 0x7237, 0x7237, 0x7217, 0x7217, 0x7217, 0x7217, 0x7217, 0x7237, 0x7217, 0x6A37, 0x6A37, 0x6A37, 0x6A37,
 0x6A37, 0x6A37, 0x6A37, 0x6A37, 0x6A17, 0x6A37, 0x6A37, 0x6A17, 0x6A17, 0x7216, 0x7216, 0x7216, 0x6A17, 0x7217, 0x6A17, 0x7237,
 0x6A37, 0x6A17, 0x7217, 0x7217, 0x7217, 0x7217, 0x7237, 0x7237, 0x7217, 0x7217, 0x6A37, 0x6A37, 0x6A37, 0x6A37, 0x6A37, 0x6A37,
 0x6A37, 0x7237, 0x6A37, 0x6A37, 0x6A17, 0x6A17, 0x6A17, 0x6A17, 0x6A17, 0x6A17, 0x6A17, 0x6A17, 0x6A17, 0x6A17, 0x6A17, 0x6A17,
 0x6A37, 0x6A37, 0x6A37, 0x6A37, 0x6A17, 0x6A17, 0x6A37, 0x6A37, 0x6A17, 0x6A17, 0x6A17, 0x6A17, 0x6A17, 0x6A17, 0x6A17, 0x6A17,
 0x6A17, 0x6A17, 0x6A17, 0x6A17, 0x6A17, 0x6A17, 0x6A17, 0x6A17, 0x6A17, 0x6A17, 0x6A17, 0x6A17, 0x6A17, 0x6A17, 0x6A17, 0x6A37,
 0x6217, 0x6217, 0x6A17, 0x6A17, 0x6A17, 0x6A17, 0x7216, 0x7217, 0x7217, 0x7217, 0x7217, 0x7217, 0x7217, 0x7217, 0x7217, 0x7217,
 0x7217, 0x7217, 0x7217, 0x7217, 0x7217, 0x7217, 0x7216, 0x7216, 0x7216, 0x7216, 0x7237, 0x7216, 0x7237, 0x7237, 0x7237, 0x7217,
 0x7217, 0x6A37, 0x6A37, 0x6A37, 0x6A37, 0x6A37, 0x6A37, 0x6A37, 0x6A37, 0x6A37, 0x6A37, 0x6A37, 0x6A36, 0x6A16, 0x6A17, 0x6A37,
 0x6A16, 0x8298, 0x7236, 0x7216, 0x7217, 0x7237, 0x7217, 0x7237, 0x7217, 0x7217, 0x7216, 0x7236, 0x7236, 0x7236, 0x7236, 0x82B8,
 0x7216, 0x7216, 0x6A37, 0x6A37, 0x6A37, 0x6A37, 0x6A37, 0x6A37, 0x6A37, 0x6A37, 0x6A37, 0x6A37, 0x6A37, 0x6A37, 0x6A16, 0x6A17,
 0x6A17, 0x6A17, 0x6A17, 0x6A17, 0x6A17, 0x6A37, 0x6A37, 0x6A17, 0x6A17, 0x6A37, 0x6A17, 0x6A17, 0x6A37, 0x6A37, 0x6A37, 0x6236,
 0x6A17, 0x6A17, 0x6A17, 0x6A17, 0x6A17, 0x6A17, 0x6A17, 0x6A17, 0x6A17, 0x6A17, 0x6A17, 0x6A17, 0x6A17, 0x6A17, 0x6A17, 0x6A17,
 0x6A17, 0x6A17, 0x6A17, 0x6A17, 0x6A17, 0x6A17, 0x6A17, 0x6A17, 0x6A17, 0x6A17, 0x6A17, 0x6A17, 0x6A17, 0x6A16, 0x7216, 0x7217,
 0x7217, 0x7217, 0x7217, 0x7217, 0x7217, 0x7217, 0x7217, 0x7217, 0x7217, 0x7237, 0x7237, 0x7237, 0x7237, 0x7237, 0x7217, 0x7216,
 0x7216, 0x7237, 0x7216, 0x7237, 0x7216, 0x7217, 0x7217, 0x7217, 0x7237, 0x6A36, 0x6A37, 0x6A37, 0x6A37, 0x6A37, 0x6A37, 0x6A37,
 0x6A37, 0x6A37, 0x6A37, 0x6A36, 0x6A16, 0x6A16, 0x6A16, 0x6A37, 0x6A16, 0x7237, 0x7216, 0x7216, 0x7237, 0x7237, 0x7237, 0x7217,
 0x7237, 0x7237, 0x7216, 0x7A57, 0x7A77, 0x7216, 0x7236, 0x7216, 0x7216, 0x7236, 0x7217, 0x7217, 0x7217, 0x7217, 0x7217, 0x7217,
 0x7217, 0x7217, 0x6A16, 0x6A16, 0x7217, 0x7217, 0x6A16, 0x6A16, 0x6A16, 0x6A16, 0x6A16, 0x6A17, 0x6A37, 0x6A37, 0x6A37, 0x6A37,
 0x6A37, 0x6A37, 0x6A17, 0x6A16, 0x6A36, 0x7236, 0x7216, 0x7216, 0x6A17, 0x6A17, 0x6A17, 0x6A17, 0x6A17, 0x6A17, 0x6A17, 0x6A17,
 0x6A17, 0x6A17, 0x6A17, 0x6A17, 0x6A17, 0x6A17, 0x6A17, 0x6A17, 0x6A17, 0x6A17, 0x6A17, 0x6A17, 0x6A17, 0x6A17, 0x6A17, 0x6A17,
 0x6A17, 0x6A17, 0x6A16, 0x6A17, 0x6A16, 0x7216, 0x7216, 0x7216, 0x7217, 0x7217, 0x7217, 0x7217, 0x7217, 0x7217, 0x7217, 0x7217,
 0x7217, 0x7217, 0x7217, 0x7217, 0x7217, 0x7217, 0x7216, 0x7216, 0x7216, 0x7216, 0x7216, 0x7216, 0x7237, 0x7237, 0x7237, 0x7236,
 0x6A16, 0x6A36, 0x6A37, 0x6A37, 0x6A36, 0x7217, 0x7217, 0x6A17, 0x6A16, 0x6A16, 0x6A16, 0x6A16, 0x7217, 0x6A17, 0x6A17, 0x6A17,
 0x6A17, 0x7216, 0x7216, 0x7217, 0x7237, 0x7237, 0x7217, 0x7237, 0x7237, 0x7237, 0x7237, 0x7216, 0x7216, 0x7216, 0x7236, 0x7216,
 0x7216, 0x7216, 0x7217, 0x6A16, 0x6A16, 0x7217, 0x7217, 0x7217, 0x7217, 0x7217, 0x7217, 0x7217, 0x6A16, 0x7217, 0x6A16, 0x6A16,
 0x6A36, 0x6A36, 0x6A16, 0x6A16, 0x6A16, 0x6A17, 0x7217, 0x6A37, 0x6A37, 0x6A37, 0x6A37, 0x7237, 0x7236, 0x7236, 0x7A37, 0x7216,
 0x6A17, 0x6A17, 0x6A17, 0x6A17, 0x6A17, 0x6A17, 0x6A17, 0x6A17, 0x6A17, 0x6A17, 0x6A17, 0x6A17, 0x6A17, 0x6A17, 0x6A17, 0x6A37,
 0x6A17, 0x6A17, 0x6A16, 0x6A17, 0x6A17, 0x6A17, 0x6A17, 0x6A16, 0x6A17, 0x6A16, 0x6A16, 0x7216, 0x7216, 0x7216, 0x7216, 0x7216,
 0x7217, 0x7217, 0x7217, 0x7217, 0x7217, 0x7217, 0x7217, 0x7217, 0x7216, 0x7217, 0x7217, 0x7217, 0x7217, 0x7216, 0x7216, 0x7216,
 0x7216, 0x7216, 0x7216, 0x7216, 0x7237, 0x7217, 0x7237, 0x7236, 0x7236, 0x6A36, 0x7236, 0x6A16, 0x7237, 0x7217, 0x7217, 0x6A16,
 0x6A16, 0x6A16, 0x6A16, 0x6A17, 0x7217, 0x6A17, 0x6A17, 0x6A17, 0x6A17, 0x7217, 0x7217, 0x7216, 0x7216, 0x7217, 0x7217, 0x7217,
 0x7217, 0x7217, 0x7237, 0x7237, 0x7217, 0x7217, 0x7217, 0x7217, 0x7217, 0x7217, 0x7217, 0x6A16, 0x6A16, 0x7217, 0x7217, 0x7217,
 0x7217, 0x7217, 0x7217, 0x7217, 0x6A16, 0x7217, 0x7217, 0x6A16, 0x6A36, 0x6A36, 0x6A16, 0x6A16, 0x6A16, 0x6A17, 0x7217, 0x7217,
 0x7217, 0x7237, 0x6A37, 0x7217, 0x7237, 0x7216, 0x7217, 0x7A18, 0x6A17, 0x6A37, 0x6A17, 0x7217, 0x7217, 0x7217, 0x6A17, 0x6A17,
 0x6A17, 0x6A17, 0x6A16, 0x6A16, 0x7217, 0x7237, 0x7217, 0x7217, 0x7217, 0x7216, 0x7237, 0x7216, 0x7237, 0x7237, 0x6A16, 0x6A16,
 0x7216, 0x7216, 0x7216, 0x7216, 0x7216, 0x7216, 0x7216, 0x7216, 0x7217, 0x7217, 0x7217, 0x7217, 0x7217, 0x7217, 0x7217, 0x7217,
 0x7216, 0x7216, 0x7216, 0x7216, 0x7216, 0x7237, 0x7216, 0x7216, 0x7216, 0x7236, 0x7237, 0x7216, 0x7216, 0x7216, 0x7217, 0x7216,
 0x82B8, 0x7236, 0x7216, 0x7237, 0x7237, 0x7237, 0x6A16, 0x6A16, 0x6A16, 0x6A16, 0x6A16, 0x7216, 0x7216, 0x6A17, 0x6A17, 0x6A17,
 0x6A17, 0x6A17, 0x6A16, 0x7216, 0x7216, 0x7217, 0x7237, 0x7217, 0x7217, 0x7217, 0x7217, 0x7217, 0x7217, 0x7217, 0x7217, 0x7217,
 0x6A17, 0x7217, 0x6A16, 0x6A16, 0x7236, 0x7236, 0x7236, 0x7236, 0x7237, 0x7236, 0x7236, 0x6A16, 0x6A16, 0x7236, 0x7236, 0x6A16,
 0x6A36, 0x6A16, 0x7216, 0x7236, 0x7217, 0x7217, 0x7216, 0x7216, 0x7217, 0x7237, 0x7217, 0x7237, 0x7237, 0x7237, 0x7A57, 0x61D4,
 0x6A37, 0x7237, 0x7217, 0x7217, 0x7217, 0x7217, 0x7216, 0x7216, 0x7217, 0x7216, 0x6A36, 0x6A37, 0x7237, 0x7216, 0x7216, 0x7237,
 0x7217, 0x7217, 0x7217, 0x7217, 0x7217, 0x7237, 0x7216, 0x7216, 0x7216, 0x71F6, 0x7216, 0x7216, 0x7216, 0x7216, 0x7216, 0x7216,
 0x7217, 0x7217, 0x7217, 0x7217, 0x7217, 0x7217, 0x7217, 0x7217, 0x7216, 0x7A37, 0x7A16, 0x7216, 0x7A16, 0x7A37, 0x7216, 0x7216,
 0x7216, 0x7216, 0x7216, 0x7216, 0x7237, 0x7217, 0x7216, 0x7216, 0x7215, 0x7215, 0x7216, 0x7216, 0x7216, 0x7216, 0x7216, 0x7216,
 0x6A16, 0x7216, 0x7236, 0x7216, 0x7216, 0x7216, 0x7216, 0x7216, 0x7216, 0x7216, 0x7216, 0x7217, 0x7237, 0x7217, 0x7217, 0x7216,
 0x7216, 0x7217, 0x7217, 0x7237, 0x7217, 0x7217, 0x7237, 0x7216, 0x7237, 0x7236, 0x6A16, 0x6A16, 0x7237, 0x7217, 0x7236, 0x7236,
 0x7236, 0x7236, 0x7236, 0x6A36, 0x7216, 0x7217, 0x7236, 0x7216, 0x6A16, 0x6A36, 0x6A36, 0x6A16, 0x7217, 0x7217, 0x6A16, 0x7216,
 0x7237, 0x7237, 0x7217, 0x7237, 0x6A17, 0x7A77, 0x5A12, 0x1065, 0x7217, 0x7217, 0x7217, 0x7216, 0x7217, 0x7217, 0x7216, 0x7A15,
 0x7216, 0x7217, 0x7217, 0x6A37, 0x7237, 0x7A16, 0x8215, 0x7A17, 0x7237, 0x8236, 0x8236, 0x7A16, 0x7216, 0x7216, 0x7216, 0x7217,
 0x7216, 0x7216, 0x7216, 0x7216, 0x7216, 0x7216, 0x7216, 0x7216, 0x7217, 0x7217, 0x7237, 0x7237, 0x7217, 0x7217, 0x7217, 0x7216,
 0x7216, 0x7216, 0x7A57, 0x7A37, 0x7217, 0x7216, 0x7236, 0x7216, 0x6A37, 0x7217, 0x7216, 0x7216, 0x7A37, 0x7A37, 0x71F6, 0x7A16,
 0x7A35, 0x8215, 0x8215, 0x8216, 0x8215, 0x8235, 0x8236, 0x79F5, 0x7A15, 0x7A16, 0x7A15, 0x7A16, 0x7216, 0x8215, 0x8A56, 0x7A16,
 0x7A37, 0x7216, 0x7216, 0x6A17, 0x6A17, 0x7217, 0x7216, 0x8256, 0x7216, 0x7217, 0x71F6, 0x7A37, 0x7217, 0x7217, 0x7217, 0x7216,
 0x7A37, 0x7216, 0x7216, 0x7216, 0x7216, 0x7217, 0x7217, 0x7236, 0x7A36, 0x7A16, 0x7236, 0x6A36, 0x7216, 0x7217, 0x7237, 0x7216,
 0x7217, 0x6A36, 0x6A36, 0x7216, 0x7217, 0x7237, 0x6A36, 0x6A36, 0x7237, 0x7236, 0x7216, 0x71F7, 0x7257, 0x6213, 0x1025, 0x0002,
 0x7217, 0x7216, 0x7236, 0x7A15, 0x7A16, 0x7216, 0x8216, 0x9A56, 0x7A15, 0x7A15, 0x7A17, 0x7217, 0x7216, 0x8215, 0x9A76, 0x8236,
 0x8215, 0x8A55, 0x9255, 0x9256, 0x79F5, 0x7216, 0x7236, 0x7216, 0x7216, 0x7216, 0x7216, 0x7216, 0x7216, 0x7216, 0x7216, 0x7216,
 0x7216, 0x7236, 0x7236, 0x7216, 0x7216, 0x7216, 0x7216, 0x7236, 0x7216, 0x7216, 0x7A36, 0x7216, 0x7236, 0x7216, 0x7236, 0x7237,
 0x7237, 0x7216, 0x7A16, 0x8215, 0x79F5, 0x81F5, 0x8A16, 0x8A35, 0x9235, 0x9235, 0x9235, 0x9235, 0x9A35, 0x9A34, 0x9A35, 0x9215,
 0x9215, 0x9215, 0x9214, 0x9235, 0x8A35, 0x8A35, 0x8A35, 0x8235, 0x8235, 0x7A15, 0x8236, 0x8235, 0x8216, 0x8236, 0x8236, 0x8276,
 0x7A36, 0x7A16, 0x8216, 0x81F5, 0x8216, 0x8216, 0x7A16, 0x7A37, 0x7A37, 0x7A17, 0x7A16, 0x7A36, 0x7216, 0x7A36, 0x7A17, 0x7A17,
 0x79F5, 0x8A75, 0x7235, 0x7A56, 0x7216, 0x7236, 0x6A37, 0x7216, 0x7216, 0x7216, 0x7217, 0x7217, 0x7217, 0x7237, 0x7217, 0x7217,
 0x7217, 0x7216, 0x7217, 0x7237, 0x6253, 0x1887, 0x0023, 0x0023, 0x7237, 0x7236, 0x7216, 0x8A56, 0x8A56, 0x7215, 0x7216, 0x8A35,
 0x9214, 0x9A35, 0x81F6, 0x8257, 0x7A16, 0x7A36, 0x8A76, 0x7A16, 0x8215, 0x8A15, 0x8A55, 0x8236, 0x8235, 0x8236, 0x7A16, 0x7216,
 0x7217, 0x7217, 0x7A36, 0x7237, 0x7217, 0x7217, 0x7216, 0x7216, 0x7217, 0x7217, 0x7217, 0x6A16, 0x6A17, 0x7217, 0x7217, 0x7217,
 0x7217, 0x7217, 0x7216, 0x7217, 0x7237, 0x7237, 0x7217, 0x7217, 0x7217, 0x7A16, 0x8A36, 0x8A36, 0x8A35, 0x9235, 0x9235, 0x9235,
 0x9A34, 0x9A34, 0x9A14, 0x9A14, 0xA234, 0xA234, 0xA234, 0x9A34, 0x9A14, 0x9A34, 0x9A34, 0x9A34, 0x9A35, 0x9A14, 0x9A14, 0x9A34,
 0x9235, 0x9215, 0x9A55, 0xA255, 0xA255, 0xA255, 0x9A56, 0x8A36, 0x8A36, 0x9235, 0xA275, 0x9A34, 0x9255, 0x9235, 0x8A56, 0x8216,
 0x7A16, 0x7A36, 0x7A36, 0x7A36, 0x7A37, 0x7A37, 0x8236, 0x7A13, 0xABB7, 0xB3B4, 0x8254, 0x7A37, 0x7A16, 0x7217, 0x7238, 0x7236,
 0x7235, 0x7236, 0x7237, 0x7217, 0x7235, 0x7236, 0x7237, 0x7217, 0x7217, 0x7217, 0x7217, 0x6213, 0x1045, 0x0000, 0x0000, 0x0001,
 0x7216, 0x6A37, 0x7237, 0x7A16, 0x8A35, 0x8237, 0x7217, 0x7A35, 0x9A55, 0xA254, 0xA255, 0x9A55, 0x8A15, 0x8235, 0x9276, 0x8236,
 0x9236, 0xA255, 0x9254, 0x8213, 0x9255, 0x9A36, 0x89F5, 0x7A35, 0x8215, 0x8A15, 0x8A15, 0x8215, 0x8215, 0x8215, 0x8215, 0x8215,
 0x8215, 0x8215, 0x8215, 0x8215, 0x8215, 0x8215, 0x8215, 0x8215, 0x8215, 0x8236, 0x8215, 0x8215, 0x8236, 0x8215, 0x8215, 0x8215,
 0x8215, 0x8A15, 0x9A55, 0x9A35, 0x9214, 0x9214, 0x9214, 0x9A14, 0x9A14, 0xA234, 0xA214, 0x9A14, 0xA234, 0x9A34, 0x9A34, 0x9A34,
 0x9A34, 0x9A34, 0x9A34, 0x9A34, 0x9A15, 0x9A14, 0xA214, 0xA234, 0xA234, 0x9A14, 0x9A35, 0xA255, 0xA254, 0xA254, 0x9A55, 0x8A35,
 0x9235, 0xA254, 0xAA54, 0xA254, 0xA254, 0xA255, 0x9A55, 0x9215, 0x8A15, 0x8A15, 0x8A15, 0x8A35, 0x8A15, 0x8A15, 0x9235, 0x9233,
 0xBB96, 0xA2F3, 0x8236, 0x8216, 0x8235, 0x7A35, 0x7217, 0x7A16, 0x7A15, 0x7216, 0x7237, 0x7216, 0x8235, 0x7A35, 0x7217, 0x7217,
 0x7A16, 0x79F5, 0x8A36, 0x6950, 0x38A7, 0x4126, 0x5A47, 0x5266, 0x7216, 0x7216, 0x7237, 0x7A16, 0x8215, 0x8237, 0x7A17, 0x8A57,
 0x8A36, 0x9255, 0x9A75, 0x9A55, 0x9A55, 0x9255, 0x9A55, 0xA255, 0xA235, 0x9A55, 0x9A55, 0x9A75, 0xA255, 0xA234, 0xA254, 0xA254,
 0x9A54, 0xA234, 0xA234, 0x9A34, 0x9A34, 0x9A54, 0xA254, 0xA234, 0xA255, 0xA254, 0xA254, 0xA254, 0xA254, 0xA254, 0xA235, 0x9A34,
 0x9A55, 0x9A35, 0x9A35, 0x9A35, 0x9A34, 0x9A35, 0x9A35, 0x9235, 0x9256, 0x9256, 0x9A55, 0x9235, 0x9235, 0x9255, 0x9255, 0x9255,
 0x9234, 0x9234, 0x9234, 0x9234, 0x9235, 0x9215, 0x9235, 0x9235, 0x9235, 0x9235, 0x9215, 0x9235, 0x9235, 0x9235, 0x9235, 0x9A54,
 0x9A34, 0x9255, 0x9255, 0x9A36, 0x9A35, 0x9A34, 0x9A35, 0x9A35, 0xAA55, 0xB274, 0xAA54, 0xA234, 0xA233, 0xA234, 0xA234, 0xA254,
 0xA234, 0x9A55, 0x9A34, 0xA254, 0xA254, 0xA234, 0xA235, 0xA255, 0x9A34, 0x8A14, 0x79F6, 0x8236, 0x9274, 0x8A54, 0x79F5, 0x8A16,
 0x9236, 0x8216, 0x7216, 0x7A16, 0x9236, 0x8A15, 0x7A16, 0x7A16, 0x8A16, 0x9254, 0xA233, 0xAA54, 0xB294, 0xBAF1, 0xF5D4, 0xFF53,
 0x8215, 0x8215, 0x8A36, 0x9235, 0x8A15, 0x7A35, 0x8215, 0x91F5, 0x8A36, 0x8256, 0x8236, 0x9235, 0x9215, 0x8A35, 0x9234, 0x9A35,
 0xA255, 0x8A56, 0x9236, 0x9235, 0x9255, 0x8A55, 0x8A55, 0x9235, 0x9235, 0x9255, 0x9255, 0x8A15, 0x9255, 0x9255, 0x9A35, 0xA255,
 0xA255, 0xA234, 0xA234, 0xA234, 0xA234, 0xA234, 0xA255, 0x9A34, 0x9A35, 0x9235, 0x9215, 0x9235, 0x9215, 0x9235, 0x8A36, 0x8216,
 0x8236, 0x8216, 0x8236, 0x8216, 0x8216, 0x8A35, 0x8A35, 0x8A36, 0x8A15, 0x8A15, 0x8A15, 0x8A15, 0x8235, 0x8235, 0x8235, 0x8235,
 0x8235, 0x8235, 0x8235, 0x8235, 0x8235, 0x7A35, 0x8235, 0x8214, 0x8A34, 0x8A14, 0x8215, 0x8A15, 0x8A35, 0x8A35, 0x9234, 0x9A14,
 0xAA54, 0xAA54, 0xA254, 0xA254, 0xA254, 0xA254, 0xA254, 0x9A34, 0x9A34, 0x9A34, 0x9A55, 0x9A35, 0x9215, 0x9215, 0x9A55, 0x9254,
 0x9A74, 0x9254, 0x8215, 0x8A16, 0x8A15, 0x8A15, 0x8216, 0x8216, 0x8A15, 0x8215, 0x7A35, 0x8215, 0x8215, 0x8215, 0x7A15, 0x8215,
 0x8A15, 0x9A34, 0xA233, 0xB252, 0xBA71, 0xBA30, 0xD430, 0xFEF2, 0x9A35, 0x9A35, 0xA235, 0xA234, 0xA234, 0x9A35, 0x9A34, 0x9A54,
 0x8A36, 0x8A36, 0x8A36, 0x9A55, 0x9A55, 0x9275, 0x8A54, 0x8A55, 0x9235, 0x8A35, 0x8A35, 0x8A35, 0x8A35, 0x8256, 0x8236, 0x8235,
 0x8235, 0x8A35, 0x8A35, 0x8235, 0x8A36, 0x8A15, 0x89F4, 0x9A34, 0xA234, 0xA254, 0xA253, 0xA233, 0xA234, 0xA234, 0xA254, 0x9A34,
 0x9A34, 0x9235, 0x9235, 0x9235, 0x9235, 0x9255, 0x9235, 0x8A35, 0x8A35, 0x8A36, 0x9235, 0x9235, 0x8A35, 0x8A35, 0x8235, 0x8A15,
 0x8A15, 0x8A15, 0x8A15, 0x8A35, 0x8A35, 0x8235, 0x8215, 0x8215, 0x8215, 0x8A36, 0x8A35, 0x8215, 0x8215, 0x8216, 0x8216, 0x89F5,
 0x9A56, 0x9235, 0x8A15, 0x8A15, 0x8236, 0x8235, 0x9234, 0xAA54, 0xAA54, 0x9A34, 0x9A55, 0xA234, 0x9A34, 0x9A35, 0x9234, 0x9215,
 0x9235, 0x9215, 0x9235, 0x9214, 0x9235, 0x9235, 0x9216, 0x8A16, 0x8A15, 0x9A35, 0x8A55, 0x8A35, 0x9236, 0x8A36, 0x8216, 0x8236,
 0x8A36, 0x9236, 0x9A35, 0x8A35, 0x8256, 0x8A56, 0x8A36, 0x9235, 0x9A15, 0xA234, 0xAA34, 0xB252, 0xC2B1, 0xCA72, 0xD391, 0xF652,
 0x9A35, 0xA235, 0xA235, 0xA234, 0xA234, 0xA234, 0xA234, 0x9A34, 0x9235, 0x9A35, 0x9A35, 0xA255, 0xA255, 0x9A55, 0x9234, 0x9A55,
 0x9A35, 0x9255, 0x9A55, 0x9A55, 0x9A55, 0x9255, 0x9235, 0x9235, 0x9235, 0x9235, 0x9235, 0x9235, 0x9214, 0x9235, 0x9A35, 0x9A35,
 0x9A14, 0xB313, 0xDC54, 0xA252, 0x9A53, 0x9A53, 0x9A36, 0x9A55, 0x9235, 0x9235, 0x9235, 0x9214, 0x9234, 0x9A55, 0x9A34, 0x9A34,
 0x9A34, 0x9A34, 0xA234, 0xA254, 0xA234, 0x9A34, 0x9A34, 0x9A34, 0x9A54, 0x9A34, 0x9A34, 0x9A34, 0x9A34, 0x9A34, 0x9A34, 0x9A14,
 0x9A34, 0xA234, 0xA234, 0x9A34, 0x9A34, 0x9A35, 0x9A35, 0xA255, 0x9A34, 0x9A34, 0x9A35, 0x9235, 0x9215, 0x8A15, 0x9A35, 0xAA54,
 0x9A34, 0x8A35, 0x9235, 0x9235, 0x9235, 0x9235, 0x9235, 0x9235, 0x9235, 0x8A15, 0x8A15, 0x8A15, 0x8A36, 0x8A36, 0x8A16, 0x8A37,
 0x8A16, 0x9235, 0x8A36, 0x8216, 0x8216, 0x8216, 0x7A36, 0x7A16, 0x8216, 0x8A16, 0x8A16, 0x8216, 0x8216, 0x8216, 0x8216, 0x9215,
 0xA255, 0xA234, 0xB233, 0xC293, 0xCA92, 0xCAB2, 0xC2AF, 0xDC6F, 0x8215, 0x8A15, 0x9214, 0x9A14, 0x9A34, 0x9A34, 0x9A34, 0x9A34,
 0x9A34, 0xA254, 0xA254, 0xA254, 0x9A34, 0x9A34, 0x9A54, 0xA254, 0xA255, 0x9235, 0x9234, 0x9255, 0x9A55, 0x9255, 0x9255, 0x9235,
 0x9235, 0x9A35, 0x9A34, 0x9A34, 0x9A34, 0x9A34, 0xA235, 0xA215, 0xA235, 0xA272, 0xB313, 0xA254, 0x9A14, 0x9A15, 0x9A15, 0x9A34,
 0x9A34, 0x9A34, 0x9A34, 0xA234, 0xA234, 0xA254, 0xA254, 0xA254, 0xA254, 0xA254, 0xA254, 0xAA33, 0xAA54, 0xAA54, 0xAA54, 0xAA53,
 0xAA33, 0xAA53, 0xAA53, 0xAA53, 0xAA54, 0xAA54, 0xAA34, 0xA233, 0xAA54, 0xA233, 0xA233, 0xAA33, 0xAA54, 0xAA54, 0xAA54, 0xAA54,
 0xA234, 0xA234, 0xA234, 0xA254, 0x9A34, 0x9A14, 0xA234, 0xA213, 0x9A13, 0x9235, 0x9235, 0x9214, 0x9A14, 0x9A34, 0x9A14, 0x9A34,
 0x9A14, 0x9235, 0x8A36, 0x8A15, 0x8A15, 0x8A16, 0x8216, 0x8216, 0x8235, 0x8235, 0x8235, 0x8236, 0x8216, 0x8216, 0x8216, 0x8216,
 0x8216, 0x8216, 0x8216, 0x81F5, 0x8A15, 0x8A35, 0x8235, 0x9215, 0x9A34, 0xA234, 0xAA33, 0xBA72, 0xC2B2, 0xCAB1, 0xCAB1, 0xCB51,
 0x9255, 0x9A54, 0x9A34, 0x9A34, 0xA254, 0xA234, 0xA234, 0xA234, 0xA254, 0xA254, 0xAA54, 0xA254, 0xA254, 0xA254, 0xA254, 0xA254,
 0xA255, 0xA255, 0x9A35, 0xA255, 0xA255, 0xA235, 0xA235, 0xA235, 0x9A55, 0x9A55, 0x9A34, 0x9A34, 0x9A34, 0xA254, 0xA214, 0xA214,
 0xA253, 0xAA54, 0xA214, 0xA234, 0xA234, 0xA235, 0xA233, 0xA233, 0xA234, 0xA234, 0xAA33, 0xAA33, 0xAA33, 0xAA33, 0xAA33, 0xAA33,
 0xAA33, 0xAA33, 0xAA33, 0xAA33, 0xAA33, 0xAA33, 0xAA53, 0xAA53, 0xAA33, 0xAA53, 0xAA53, 0xAA53, 0xAA53, 0xAA33, 0xAA33, 0xAA33,
 0xAA33, 0xAA33, 0xAA33, 0xAA33, 0xAA33, 0xAA53, 0xAA53, 0xAA53, 0xAA33, 0xAA33, 0xAA33, 0xAA33, 0xA234, 0xA254, 0xA233, 0xAA33,
 0xAA33, 0xA254, 0xA255, 0xA234, 0xA234, 0xAA34, 0xAA34, 0xA234, 0xA234, 0xA234, 0xA254, 0xA234, 0xA234, 0xA255, 0xA234, 0x9A14,
 0x9A34, 0x9A55, 0x9234, 0x9214, 0x9A35, 0x9A35, 0x9236, 0x8A36, 0x8A36, 0x9235, 0x9215, 0x9215, 0x9A14, 0x9A34, 0x9A34, 0x9A34,
 0x9A34, 0xA254, 0xAA32, 0xBA72, 0xC2B2, 0xCAB1, 0xCAB2, 0xCAB1, 0xAA53, 0xAA53, 0xAA54, 0xA254, 0xA254, 0xA253, 0xA233, 0xAA54,
 0xAA54, 0xAA54, 0xAA54, 0xAA54, 0xAA54, 0xAA54, 0xAA54, 0xAA54, 0xA254, 0x9A34, 0x9A54, 0x9A54, 0x9A34, 0x9A34, 0x9A54, 0x9A34,
 0x9A34, 0x9A34, 0x9A34, 0xA234, 0x9A34, 0xA234, 0xAA34, 0xAA33, 0xAA52, 0xAA53, 0xAA34, 0xAA52, 0xAA53, 0xAA53, 0xAA52, 0xAA33,
 0xAA33, 0xAA33, 0xAA33, 0xAA33, 0xAA33, 0xAA33, 0xAA33, 0xAA33, 0xAA33, 0xAA33, 0xAA33, 0xAA53, 0xAA53, 0xAA33, 0xAA33, 0xAA33,
 0xAA53, 0xAA53, 0xAA33, 0xAA53, 0xAA53, 0xAA33, 0xAA33, 0xAA53, 0xAA33, 0xAA53, 0xAA53, 0xAA33, 0xAA33, 0xAA33, 0xAA53, 0xAA53,
 0xAA33, 0xAA33, 0xAA53, 0xAA33, 0xAA33, 0xA233, 0xAA53, 0xAA33, 0xAA33, 0xAA34, 0xAA54, 0xAA54, 0xAA33, 0xAA33, 0xAA33, 0xAA33,
 0xAA34, 0xAA33, 0xAA33, 0xAA33, 0xAA53, 0xAA53, 0xAA54, 0xAA34, 0xAA34, 0xAA34, 0xA234, 0xAA34, 0xAA54, 0xA254, 0x9214, 0x8A15,
 0x8A14, 0x9A35, 0x9A34, 0x9A34, 0xAA54, 0xAA34, 0xAA33, 0xA234, 0xA254, 0xA253, 0xAA53, 0xBA93, 0xC292, 0xC2B1, 0xCAB1, 0xCAB2,
 0xAA54, 0xAA34, 0xAA33, 0xAA33, 0xAA53, 0xAA53, 0xAA53, 0xAA54, 0xAA53, 0xAA33, 0xAA33, 0xAA53, 0xAA53, 0xAA53, 0xAA53, 0xAA53,
 0xAA33, 0xA234, 0xA254, 0xA254, 0xAA54, 0xAA54, 0xAA54, 0xAA54, 0xA254, 0xA254, 0xA254, 0xA254, 0xA254, 0xAA54, 0xAA34, 0xAA33,
 0xAA33, 0xAA34, 0xAA34, 0xAA52, 0xAA33, 0xAA34, 0xAA34, 0xAA33, 0xAA33, 0xAA33, 0xAA33, 0xAA33, 0xAA33, 0xAA33, 0xAA33, 0xAA33,
 0xAA33, 0xAA33, 0xAA33, 0xAA53, 0xAA53, 0xAA33, 0xAA33, 0xAA33, 0xAA33, 0xAA33, 0xAA33, 0xAA33, 0xAA33, 0xAA33, 0xAA33, 0xAA33,
 0xAA33, 0xAA33, 0xAA33, 0xAA33, 0xAA53, 0xAA33, 0xAA33, 0xAA53, 0xAA33, 0xAA53, 0xAA53, 0xAA33, 0xAA33, 0xAA53, 0xAA53, 0xAA53,
 0xAA33, 0xAA33, 0xAA33, 0xAA53, 0xAA33, 0xAA33, 0xB273, 0xAA53, 0xAA53, 0xAA34, 0xAA54, 0xAA54, 0xAA34, 0xAA54, 0xAA54, 0xA234,
 0xAA34, 0xAA34, 0xAA33, 0xAA33, 0xAA33, 0xAA33, 0xA214, 0x9A55, 0x9A34, 0x9A35, 0xA234, 0xA234, 0xAA34, 0xAA34, 0xAA33, 0xAA33,
 0xA234, 0xAA33, 0xAA33, 0xB252, 0xBA92, 0xC2B2, 0xC2B2, 0xC2B2, 0xAA54, 0xAA33, 0xAA33, 0xAA33, 0xAA33, 0xAA34, 0xAA34, 0xAA53,
 0xAA53, 0xAA53, 0xAA53, 0xAA53, 0xAA53, 0xAA33, 0xAA53, 0xAA53, 0xAA53, 0xAA54, 0xAA54, 0xA253, 0xAA53, 0xAA53, 0xAA54, 0xAA54,
 0xAA54, 0xAA53, 0xAA53, 0xAA53, 0xA253, 0xAA53, 0xAA33, 0xAA33, 0xAA33, 0xAA33, 0xAA33, 0xAA53, 0xAA33, 0xAA34, 0xAA34, 0xAA33,
 0xAA33, 0xAA33, 0xAA53, 0xAA53, 0xAA53, 0xAA33, 0xAA33, 0xAA33, 0xAA33, 0xAA33, 0xAA53, 0xAA53, 0xAA53, 0xAA33, 0xAA33, 0xAA33,
 0xAA33, 0xAA33, 0xAA33, 0xAA33, 0xAA33, 0xAA33, 0xAA33, 0xAA33, 0xAA33, 0xAA33, 0xAA33, 0xAA33, 0xAA33, 0xAA33, 0xAA53, 0xAA53,
 0xAA33, 0xAA33, 0xAA53, 0xAA33, 0xAA33, 0xAA53, 0xAA53, 0xAA54, 0xAA33, 0xAA33, 0xAA33, 0xAA33, 0xAA33, 0xAA53, 0xAA53, 0xAA53,
 0xAA53, 0xAA33, 0xAA53, 0xAA53, 0xAA33, 0xAA53, 0xAA33, 0xAA53, 0xAA33, 0xA253, 0xA234, 0xA233, 0xAA33, 0xAA33, 0xAA34, 0xAA34,
 0xA254, 0xA254, 0xA234, 0xAA34, 0xAA34, 0xAA34, 0xAA33, 0xAA33, 0xAA33, 0xAA33, 0xAA53, 0xAA53, 0xB253, 0xBA93, 0xBAB2, 0xC2D1,
 0xAA53, 0xAA33, 0xAA33, 0xAA33, 0xAA54, 0xA254, 0xAA54, 0xAA54, 0xAA53, 0xAA53, 0xAA53, 0xAA53, 0xAA53, 0xAA53, 0xAA53, 0xAA53,
 0xAA54, 0xAA54, 0xAA53, 0xAA53, 0xAA53, 0xAA53, 0xAA53, 0xAA53, 0xAA53, 0xAA33, 0xAA53, 0xAA53, 0xAA53, 0xAA53, 0xAA33, 0xAA33,
 0xAA52, 0xAA52, 0xAA53, 0xAA53, 0xAA33, 0xAA33, 0xAA52, 0xAA53, 0xAA53, 0xAA33, 0xAA53, 0xAA33, 0xAA53, 0xAA33, 0xAA53, 0xAA33,
 0xAA33, 0xAA33, 0xAA33, 0xAA33, 0xAA33, 0xAA33, 0xAA53, 0xAA53, 0xAA53, 0xAA53, 0xAA53, 0xAA33, 0xAA53, 0xAA53, 0xAA33, 0xAA33,
 0xAA33, 0xAA53, 0xAA33, 0xAA33, 0xAA33, 0xAA33, 0xAA33, 0xAA33, 0xAA33, 0xAA33, 0xAA33, 0xAA53, 0xAA53, 0xAA33, 0xAA33, 0xAA34,
 0xAA34, 0xAA33, 0xAA33, 0xAA33, 0xAA53, 0xAA33, 0xAA33, 0xAA53, 0xAA53, 0xAA53, 0xAA53, 0xAA53, 0xAA33, 0xAA33, 0xAA53, 0xB274,
 0xAA33, 0xAA34, 0xAA34, 0xA234, 0xA234, 0xAA33, 0xAA33, 0xAA34, 0xAA34, 0xAA34, 0xAA34, 0xAA34, 0xAA34, 0xAA34, 0xA234, 0xAA33,
 0xAA33, 0xA254, 0xA254, 0xA253, 0xAA53, 0xB253, 0xBA93, 0xBA92, 0xA254, 0xA253, 0xA233, 0xA233, 0xA253, 0xAA33, 0xA254, 0xA254,
 0xAA54, 0xAA54, 0xAA54, 0xAA53, 0xAA53, 0xAA54, 0xAA54, 0xAA53, 0xAA33, 0xAA53, 0xAA53, 0xAA33, 0xAA53, 0xAA53, 0xAA53, 0xAA53,
 0xAA53, 0xAA53, 0xAA33, 0xB233, 0xAA33, 0xAA33, 0xAA53, 0xAA53, 0xAA53, 0xAA53, 0xAA33, 0xAA33, 0xAA33, 0xAA33, 0xAA32, 0xAA33,
 0xAA33, 0xAA33, 0xAA33, 0xAA33, 0xAA33, 0xAA33, 0xAA33, 0xAA33, 0xAA32, 0xAA33, 0xAA33, 0xAA34, 0xAA33, 0xAA53, 0xAA33, 0xAA53,
 0xAA53, 0xAA53, 0xAA53, 0xAA53, 0xAA33, 0xAA33, 0xAA53, 0xAA33, 0xAA33, 0xAA33, 0xAA52, 0xAA52, 0xAA33, 0xAA33, 0xAA33, 0xAA33,
 0xAA32, 0xAA33, 0xAA33, 0xAA33, 0xAA33, 0xAA33, 0xAA33, 0xAA34, 0xAA34, 0xAA33, 0xAA33, 0xAA33, 0xAA34, 0xAA33, 0xAA53, 0xAA53,
 0xAA33, 0xAA54, 0xAA54, 0xAA54, 0xAA93, 0xBB15, 0xA233, 0xA233, 0xAA34, 0xAA34, 0xAA34, 0xAA34, 0xAA54, 0xAA53, 0xAA53, 0xAA54,
 0xAA34, 0xAA33, 0xAA33, 0xAA33, 0xAA34, 0xAA34, 0xA234, 0xA233, 0xAA54, 0xA254, 0xA254, 0xA254, 0xA253, 0xAA53, 0xAA54, 0xB254,
 0xAA54, 0xA253, 0x91F2, 0xA254, 0xA253, 0xAA33, 0xA253, 0xA254, 0xAA34, 0xA234, 0xAA53, 0xAA53, 0xAA53, 0xAA54, 0xAA54, 0xAA53,
 0xAA53, 0xAA53, 0xAA53, 0xAA53, 0xAA33, 0xAA53, 0xAA53, 0xAA53, 0xAA53, 0xAA53, 0xAA54, 0xAA33, 0xB233, 0xAA53, 0xAA53, 0xAA33,
 0xAA33, 0xAA53, 0xAA53, 0xAA53, 0xAA53, 0xAA53, 0xAA53, 0xAA33, 0xAA53, 0xAA53, 0xAA53, 0xAA33, 0xAA33, 0xAA53, 0xB274, 0xAA33,
 0xAA32, 0xAA33, 0xAA33, 0xAA33, 0xAA33, 0xAA53, 0xAA33, 0xAA33, 0xAA33, 0xB253, 0xB253, 0xAA33, 0xB253, 0xB233, 0xB252, 0xAA32,
 0xAA33, 0xAA33, 0xB271, 0xC2D2, 0xAA33, 0xB234, 0xB233, 0xAA32, 0xBAB3, 0xB273, 0xAA33, 0xAA33, 0xAA53, 0xAA34, 0xAA34, 0xAA33,
 0xAA34, 0xAA34, 0xAA33, 0xAA33, 0xAA34, 0xAA34, 0xAA53, 0xAA33, 0xAA33, 0xAA33, 0xAA53, 0xAA34, 0xAA73, 0xB2B3, 0xA233, 0xAA33,
 0xAA33, 0xAA34, 0xAA34, 0xAA33, 0xAA33, 0xAA53, 0xAA33, 0xAA34, 0xAA34, 0xA233, 0xAA53, 0xAA53, 0xAA34, 0xAA34, 0xA253, 0xA254,
 0xAA54, 0xAA54, 0xAA54, 0xAA54, 0xAA54, 0xAA54, 0xAA54, 0xAA54, 0xA254, 0xA274, 0x89F2, 0x9A53, 0xAA54, 0xAA33, 0xAA54, 0xAA53,
 0xAA34, 0xAA33, 0xAA33, 0xAA33, 0xAA54, 0xAA53, 0xAA33, 0xAA33, 0xAA33, 0xAA53, 0xAA33, 0xB253, 0xAA53, 0xAA53, 0xB274, 0xB253,
 0xB212, 0xAA32, 0xAA53, 0xA253, 0xAA53, 0xAA53, 0xB233, 0xAA33, 0xAA53, 0xAA33, 0xAA33, 0xAA53, 0xAA53, 0xAA53, 0xAA53, 0xAA33,
 0xAA53, 0xAA33, 0xAA33, 0xAA33, 0xAA33, 0xAA53, 0xAA73, 0xAA53, 0xAA53, 0xAA52, 0xAA52, 0xB272, 0xAA32, 0xB233, 0xB253, 0xB233,
 0xB253, 0xB253, 0xB232, 0xB232, 0xAA53, 0xAA33, 0xAA53, 0xAA53, 0xAA34, 0xAA34, 0xB273, 0xB272, 0xAA53, 0xAA33, 0xAA33, 0xAA53,
 0xB273, 0xAA53, 0xAA33, 0xAA33, 0xAA53, 0xAA54, 0xAA54, 0xAA53, 0xAA33, 0xAA32, 0xAA53, 0xAA53, 0xAA54, 0xAA34, 0xAA53, 0xAA33,
 0xAA33, 0xAA33, 0xAA33, 0xAA34, 0xAA33, 0xA233, 0xAA34, 0xAA53, 0xAA53, 0xAA54, 0xAA34, 0xAA33, 0xAA33, 0xAA34, 0xAA54, 0xAA54,
 0xAA34, 0xAA54, 0xA254, 0xAA53, 0xAA33, 0xAA54, 0xA253, 0xA253, 0xAA53, 0xAA53, 0xAA54, 0xAA54, 0xAA54, 0xAA54, 0xAA54, 0xAA54,
 0xAA54, 0xA274, 0x590D, 0x9A53, 0xAA54, 0xAA33, 0xB234, 0xAA54, 0xAA34, 0xAA53, 0xAA53, 0xAA54, 0xAA54, 0xAA53, 0xAA53, 0xAA53,
 0xAA53, 0xAA53, 0xAA53, 0xB253, 0xB274, 0xAA53, 0xAA53, 0xAA33, 0xBA52, 0xBA73, 0xB232, 0xAA52, 0xAA52, 0xAA32, 0xB232, 0xB233,
 0xAA33, 0xAA33, 0xAA33, 0xAA33, 0xAA53, 0xAA53, 0xAA53, 0xAA33, 0xAA53, 0xAA33, 0xAA32, 0xAA32, 0xAA32, 0xAA53, 0xAA53, 0xAA53,
 0xAA33, 0xB252, 0xCB34, 0xC2D2, 0xB231, 0xB232, 0xBA52, 0xBA32, 0xBA52, 0xC272, 0xC272, 0xC272, 0xC252, 0xC272, 0xC271, 0xC251,
 0xC252, 0xC252, 0xCA71, 0xC270, 0xC271, 0xC252, 0xC272, 0xC271, 0xC271, 0xC271, 0xBA31, 0xAA32, 0xAA33, 0xAA33, 0xAA53, 0xAA32,
 0xB252, 0xC272, 0xBA72, 0xAA33, 0xAA53, 0xAA54, 0xA233, 0xAA33, 0xAA34, 0xAA33, 0xAA54, 0xAA34, 0xAA53, 0xAA53, 0xAA34, 0xAA54,
 0xAA53, 0xAA33, 0xAA53, 0xAA54, 0xAA54, 0xAA34, 0xAA34, 0xAA34, 0xAA33, 0xAA54, 0xAA54, 0xAA54, 0xAA33, 0xAA53, 0xA253, 0xA253,
 0xAA53, 0xAA53, 0xAA54, 0xAA54, 0xAA54, 0xAA54, 0xAA54, 0xAA54, 0xAA74, 0xA274, 0x50EC, 0x9A53, 0xB254, 0xAA34, 0xB234, 0xB254,
 0xAA53, 0xAA33, 0xAA53, 0xAA54, 0xAA54, 0xB253, 0xB232, 0xB233, 0xAA53, 0xAA53, 0xB253, 0xB253, 0xAA53, 0xAA53, 0xAA54, 0xAA53,
 0xBA72, 0xC2B3, 0xBA51, 0xBA52, 0xBA53, 0xB253, 0xB252, 0xB252, 0xB232, 0xB232, 0xBA32, 0xB232, 0xAA33, 0xAA53, 0xAA53, 0xAA33,
 0xAA33, 0xB232, 0xBA52, 0xB232, 0xB232, 0xB252, 0xB232, 0xB233, 0xB233, 0xBA51, 0xCAB1, 0xC270, 0xC272, 0xC272, 0xC251, 0xC251,
 0xC251, 0xCA71, 0xCA71, 0xCA71, 0xCA71, 0xCA70, 0xCA50, 0xCA51, 0xCA51, 0xCA51, 0xCA50, 0xCA70, 0xCA70, 0xD271, 0xD270, 0xD270,
 0xCA50, 0xD291, 0xCA71, 0xBA51, 0xBA52, 0xB232, 0xB232, 0xBA52, 0xCAB2, 0xD2B1, 0xBA51, 0xB232, 0xAA33, 0xAA53, 0xAA53, 0xA253,
 0xA254, 0xA253, 0xAA34, 0xAA34, 0xAA53, 0xAA53, 0xAA54, 0xAA54, 0xAA53, 0xAA33, 0xAA53, 0xAA54, 0xAA54, 0xAA34, 0xAA33, 0xAA33,
 0xB232, 0xAA33, 0xAA33, 0xAA54, 0xAA33, 0xAA53, 0xAA53, 0xA253, 0xAA53, 0xAA53, 0xAA54, 0xAA53, 0xAA54, 0xAA54, 0xAA54, 0xAA54,
 0xAA74, 0xAA74, 0x510B, 0xA252, 0xB233, 0xAA53, 0xB233, 0xAA33, 0xAA33, 0xB233, 0xAA53, 0xAA54, 0xAA54, 0xB232, 0xC293, 0xBA73,
 0xAA32, 0xB253, 0xB253, 0xB253, 0xAA53, 0xAA53, 0xAA54, 0xAA54, 0xB252, 0xBA51, 0xC252, 0xC252, 0xBA53, 0xBA53, 0xBA52, 0xBA52,
 0xC252, 0xC272, 0xC272, 0xC252, 0xB232, 0xAA32, 0xAA53, 0xAA33, 0xB232, 0xBA52, 0xCA72, 0xC251, 0xC272, 0xBA31, 0xC252, 0xC252,
 0xC252, 0xCA72, 0xCA71, 0xCA71, 0xCA71, 0xCA71, 0xCA71, 0xCA71, 0xCA51, 0xCA51, 0xCA50, 0xCA50, 0xCA51, 0xCA71, 0xCA71, 0xCA71,
 0xCA51, 0xCA71, 0xCA71, 0xC271, 0xC272, 0xCA71, 0xCA71, 0xCA71, 0xCA71, 0xCA71, 0xCA71, 0xCA71, 0xC271, 0xC272, 0xC272, 0xC271,
 0xCA71, 0xCA70, 0xCA71, 0xC273, 0xBA32, 0xB212, 0xAA32, 0xAA52, 0xAA33, 0xAA32, 0xAA32, 0xAA33, 0xAA33, 0xB233, 0xB233, 0xAA33,
 0xBAB3, 0xB253, 0xAA33, 0xAA54, 0xAA54, 0xB253, 0xB233, 0xB252, 0xCAB3, 0xBA72, 0xB233, 0xB233, 0xB253, 0xAA53, 0xAA54, 0xAA54,
 0xAA53, 0xAA53, 0xAA54, 0xAA54, 0xAA54, 0xAA54, 0xAA53, 0xB273, 0xB252, 0xAA72, 0x510A, 0xAA52, 0xBA33, 0xAA53, 0xAA33, 0xAA33,
 0xAA33, 0xB233, 0xAA53, 0xAA54, 0xAA54, 0xB232, 0xC272, 0xC272, 0xB252, 0xBA52, 0xBA52, 0xBA73, 0xB253, 0xAA53, 0xAA53, 0xB254,
 0xB273, 0xBA52, 0xC272, 0xB252, 0xAA53, 0xB232, 0xBA32, 0xC251, 0xC251, 0xCA51, 0xCA71, 0xCA71, 0xBA52, 0xB252, 0xAA32, 0xB232,
 0xBA31, 0xC251, 0xCA71, 0xCA50, 0xCA71, 0xCA71, 0xCA71, 0xD271, 0xD271, 0xD271, 0xD271, 0xCA51, 0xCA51, 0xCA71, 0xCA51, 0xCA51,
 0xCA51, 0xCA51, 0xCA51, 0xCA51, 0xCA51, 0xCA71, 0xCA71, 0xCA51, 0xCA71, 0xCA71, 0xCA71, 0xCA71, 0xCA51, 0xCA71, 0xCA70, 0xCA71,
 0xCA71, 0xCA71, 0xCA71, 0xCA71, 0xCA51, 0xCA51, 0xCA51, 0xCA71, 0xCA71, 0xCA71, 0xCA71, 0xCA71, 0xCA72, 0xC272, 0xC272, 0xC292,
 0xBA31, 0xBA72, 0xB232, 0xBA52, 0xC272, 0xC272, 0xC272, 0xBA52, 0xC2B3, 0xAA54, 0xAA54, 0xAA54, 0xAA34, 0xB233, 0xBA32, 0xC272,
 0xCA91, 0xC271, 0xBA73, 0xBA74, 0xB273, 0xAA33, 0xAA54, 0xAA54, 0xAA53, 0xAA53, 0xAA53, 0xAA53, 0xAA53, 0xAA54, 0xAA53, 0xB273,
 0xBA72, 0xBA71, 0x590A, 0xBA72, 0xCA53, 0xAA32, 0xBA13, 0xB233, 0xAA33, 0xB233, 0xB253, 0xAA53, 0xB233, 0xBA32, 0xC272, 0xC272,
 0xBA52, 0xC272, 0xCA72, 0xCA92, 0xBA52, 0xBA52, 0xB253, 0xBA73, 0xBA73, 0xBA32, 0xBA53, 0xB253, 0xAA53, 0xBA52, 0xCA72, 0xCA71,
 0xD271, 0xD251, 0xD251, 0xCA71, 0xCA72, 0xC272, 0xBA31, 0xC272, 0xCA72, 0xCA51, 0xD271, 0xD250, 0xD271, 0xCA71, 0xCA71, 0xD271,
 0xCA70, 0xCA71, 0xCA71, 0xCA51, 0xCA71, 0xCA51, 0xCA51, 0xCA51, 0xCA51, 0xCA51, 0xCA51, 0xCA51, 0xCA71, 0xCA71, 0xCA71, 0xCA51,
 0xCA71, 0xCA71, 0xCA71, 0xCA71, 0xCA71, 0xCA71, 0xCA71, 0xCA51, 0xCA71, 0xCA51, 0xCA71, 0xCA71, 0xCA51, 0xCA51, 0xCA51, 0xCA51,
 0xCA71, 0xCA71, 0xCA71, 0xCA50, 0xCA71, 0xCA71, 0xCA71, 0xCA71, 0xCA71, 0xCA72, 0xBA32, 0xC251, 0xCA71, 0xCA71, 0xCA71, 0xCA52,
 0xBA51, 0xB233, 0xAA33, 0xB253, 0xB233, 0xBA32, 0xC272, 0xCA72, 0xCA70, 0xC271, 0xBA32, 0xB253, 0xB252, 0xB232, 0xB233, 0xAA53,
 0xAA53, 0xAA53, 0xAA53, 0xAA53, 0xAA53, 0xAA53, 0xBA74, 0xBA73, 0xCAB1, 0xD2B2, 0x590A, 0xBA71, 0xDA31, 0xC272, 0xCA52, 0xCA51,
 0xC251, 0xCA72, 0xC272, 0xC251, 0xCA72, 0xCA51, 0xCA92, 0xCA71, 0xCA71, 0xD271, 0xD291, 0xD271, 0xD271, 0xCA92, 0xCA72, 0xC252,
 0xCA92, 0xC272, 0xC252, 0xC253, 0xC272, 0xCA71, 0xCA71, 0xD271, 0xD271, 0xD251, 0xCA51, 0xCA71, 0xCA71, 0xCA71, 0xCA70, 0xCA71,
 0xCA51, 0xCA52, 0xCA51, 0xD270, 0xD271, 0xD251, 0xCA71, 0xCA71, 0xCA71, 0xCA71, 0xCA70, 0xCA71, 0xCA51, 0xCA71, 0xCA71, 0xCA71,
 0xCA71, 0xCA70, 0xCA71, 0xCA71, 0xCA51, 0xCA51, 0xCA51, 0xCA51, 0xCA71, 0xCA71, 0xCA71, 0xCA71, 0xCA71, 0xCA71, 0xCA71, 0xCA71,
 0xCA71, 0xCA71, 0xCA71, 0xCA71, 0xCA71, 0xCA71, 0xCA71, 0xCA71, 0xC250, 0xCA51, 0xCA51, 0xCA71, 0xCA71, 0xCA71, 0xCA71, 0xCA71,
 0xCA71, 0xCA71, 0xCA71, 0xCA71, 0xCA71, 0xCA71, 0xCA51, 0xCA51, 0xCA71, 0xC272, 0xC251, 0xC272, 0xCA72, 0xCA52, 0xCA72, 0xCA71,
 0xCA71, 0xC272, 0xC272, 0xBA52, 0xBA72, 0xC273, 0xCA73, 0xBA53, 0xAA53, 0xAA53, 0xA253, 0xAA53, 0xB273, 0xC272, 0xC293, 0xC293,
 0xBA90, 0x91CD, 0x50EA, 0xAA91, 0xDA51, 0xCA51, 0xCA91, 0xCA91, 0xCA71, 0xCA51, 0xD270, 0xD250, 0xD271, 0xD271, 0xD270, 0xD270,
 0xD270, 0xD271, 0xDA91, 0xDA91, 0xDA91, 0xD291, 0xD291, 0xD271, 0xD291, 0xCA91, 0xCA92, 0xCA91, 0xCA91, 0xCA71, 0xCA51, 0xCA31,
 0xCA51, 0xCA51, 0xCA51, 0xCA51, 0xCA71, 0xCA71, 0xCA71, 0xCA70, 0xCA71, 0xCA71, 0xCA70, 0xD270, 0xD271, 0xD251, 0xD270, 0xD271,
 0xD271, 0xD270, 0xCA50, 0xCA50, 0xCA50, 0xCA50, 0xCA71, 0xCA51, 0xCA51, 0xCA71, 0xCA51, 0xCA51, 0xCA51, 0xCA50, 0xCA50, 0xCA50,
 0xCA50, 0xCA50, 0xCA50, 0xCA71, 0xCA71, 0xCA71, 0xCA71, 0xCA71, 0xCA71, 0xCA71, 0xCA71, 0xCA71, 0xCA51, 0xCA71, 0xCA71, 0xCA70,
 0xCA91, 0xCA71, 0xCA51, 0xCA71, 0xCA71, 0xCA71, 0xCA71, 0xCA71, 0xCA71, 0xCA71, 0xCA71, 0xCA71, 0xCA51, 0xCA71, 0xCA71, 0xCA71,
 0xCA71, 0xCA71, 0xCA72, 0xCA71, 0xCA71, 0xCA51, 0xCA51, 0xCA51, 0xCA71, 0xCA71, 0xCA72, 0xC272, 0xCA72, 0xCA72, 0xCA72, 0xC292,
 0xBA72, 0xBA52, 0xBA32, 0xBA52, 0xC272, 0xC272, 0xC272, 0xBA52, 0xA270, 0x694B, 0x40EB, 0x50CB, 0xBA30, 0xD252, 0xD251, 0xCA71,
 0xC251, 0xCA51, 0xD271, 0xD271, 0xD271, 0xD271, 0xD271, 0xD271, 0xD271, 0xD271, 0xD291, 0xD271, 0xD291, 0xD271, 0xCA91, 0xCA91,
 0xD271, 0xD271, 0xD290, 0xD290, 0xCA71, 0xD271, 0xCA31, 0xCA51, 0xCA51, 0xD251, 0xD251, 0xD271, 0xCA51, 0xCA51, 0xCA70, 0xCA70,
 0xCA70, 0xD270, 0xD270, 0xD270, 0xD271, 0xD251, 0xD271, 0xD271, 0xD251, 0xD250, 0xD291, 0xD271, 0xD251, 0xD250, 0xD250, 0xD270,
 0xD271, 0xD251, 0xD251, 0xD251, 0xCA51, 0xCA51, 0xCA51, 0xCA51, 0xCA51, 0xCA51, 0xCA71, 0xCA71, 0xD251, 0xD271, 0xD271, 0xCA71,
 0xCA70, 0xCA70, 0xCA70, 0xCA70, 0xCA71, 0xCA71, 0xCA71, 0xC270, 0xDAF2, 0xCA91, 0xCA51, 0xCA71, 0xCA71, 0xCA71, 0xCA71, 0xCA71,
 0xCA51, 0xCA71, 0xCA51, 0xCA51, 0xCA51, 0xCA51, 0xCA71, 0xCA71, 0xCA51, 0xCA51, 0xCA51, 0xCA51, 0xCA51, 0xCA51, 0xCA51, 0xCA51,
 0xCA71, 0xCA71, 0xCA51, 0xCA71, 0xCA71, 0xCA71, 0xD271, 0xCA91, 0xCA71, 0xC251, 0xCA72, 0xC252, 0xC252, 0xC271, 0xC251, 0xC252,
 0x9A50, 0x89EF, 0x390B, 0x38EA, 0x91EE, 0xD2B2, 0xDA31, 0xD271, 0xCA71, 0xD251, 0xD271, 0xD271, 0xD271, 0xD271, 0xD271, 0xD271,
 0xD271, 0xD271, 0xD271, 0xD271, 0xD271, 0xD271, 0xD291, 0xD291, 0xD271, 0xD271, 0xD271, 0xD271, 0xCA71, 0xCA71, 0xD270, 0xD270,
 0xD271, 0xD251, 0xD251, 0xD251, 0xD271, 0xD271, 0xD271, 0xD271, 0xD270, 0xD270, 0xD270, 0xD271, 0xD271, 0xD251, 0xD270, 0xD270,
 0xD270, 0xCA50, 0xE2F1, 0xDAB1, 0xCA50, 0xD270, 0xD270, 0xD270, 0xD270, 0xD270, 0xD26F, 0xD26F, 0xD270, 0xCA70, 0xCA70, 0xCA70,
 0xD270, 0xD270, 0xD270, 0xCA70, 0xCA70, 0xCA70, 0xCA70, 0xCA6F, 0xCA6F, 0xD2F0, 0xDB31, 0xCA50, 0xCA71, 0xCA71, 0xCA71, 0xCA70,
 0xCA50, 0xCA50, 0xCA71, 0xCA71, 0xCA71, 0xCA71, 0xCA71, 0xCA71, 0xCA51, 0xCA51, 0xCA51, 0xCA51, 0xCA51, 0xCA51, 0xCA51, 0xCA51,
 0xCA51, 0xCA51, 0xCA51, 0xCA71, 0xCA51, 0xCA51, 0xCA51, 0xCA51, 0xCA71, 0xCA51, 0xCA51, 0xD251, 0xD251, 0xD271, 0xCA71, 0xCA71,
 0xCA71, 0xC272, 0xC293, 0xBA72, 0xC272, 0xC272, 0xCA92, 0xC272, 0x2088, 0x1047, 0x0827, 0x1047, 0x1886, 0x50EA, 0xC272, 0xD271,
 0xCA91, 0xD271, 0xD271, 0xD271, 0xD271, 0xD271, 0xD271, 0xD251, 0xD272, 0xCA71, 0xCA71, 0xCA71, 0xD271, 0xD271, 0xD271, 0xD271,
 0xD271, 0xD291, 0xD291, 0xD271, 0xCA51, 0xD270, 0xD2AF, 0xD290, 0xD271, 0xD250, 0xD250, 0xD250, 0xD250, 0xD250, 0xD251, 0xD271,
 0xD271, 0xD271, 0xD251, 0xD271, 0xD270, 0xD270, 0xD250, 0xD251, 0xD271, 0xD270, 0xCA50, 0xCA50, 0xCA51, 0xDA91, 0xDA90, 0xD250,
 0xD26F, 0xDA90, 0xDAAF, 0xDAAE, 0xDAAF, 0xDA8F, 0xDA6F, 0xDA8F, 0xE28F, 0xE28F, 0xE2AF, 0xE2AF, 0xDAAF, 0xDAAF, 0xDAAF, 0xDAAF,
 0xDAAF, 0xDAAF, 0xDAAF, 0xD290, 0xCA50, 0xCA51, 0xCA70, 0xCA70, 0xCA70, 0xCA51, 0xCA51, 0xCA51, 0xCA51, 0xCA71, 0xCA51, 0xCA51,
 0xCA51, 0xCA51, 0xCA51, 0xCA51, 0xCA51, 0xCA51, 0xCA51, 0xCA51, 0xCA51, 0xCA51, 0xCA51, 0xCA71, 0xCA51, 0xCA51, 0xCA51, 0xCA71,
 0xCA71, 0xCA71, 0xCA51, 0xCA51, 0xCA51, 0xCA71, 0xCA71, 0xCA71, 0xCA72, 0xBA31, 0xB251, 0xB272, 0xBA72, 0xC272, 0xCA92, 0xCA72,
 0x0067, 0x0068, 0x0048, 0x0088, 0x0046, 0x1089, 0x592D, 0xAA71, 0xCA71, 0xCA51, 0xCA72, 0xCA71, 0xCA71, 0xCA71, 0xCA71, 0xCA52,
 0xCA72, 0xC272, 0xC272, 0xC272, 0xC272, 0xCA71, 0xCA71, 0xCA71, 0xD271, 0xD290, 0xD2B0, 0xD270, 0xD271, 0xD270, 0xDAD0, 0xD290,
 0xD250, 0xD250, 0xD250, 0xD250, 0xD250, 0xD250, 0xD251, 0xD271, 0xD270, 0xD271, 0xD251, 0xD271, 0xD26F, 0xDAAF, 0xD270, 0xD270,
 0xD270, 0xD270, 0xD26F, 0xD250, 0xD250, 0xD290, 0xDA90, 0xD270, 0xD270, 0xDA90, 0xD28F, 0xD28F, 0xD28F, 0xD28F, 0xD28F, 0xD28F,
 0xD28F, 0xD28F, 0xD28F, 0xD28F, 0xD28F, 0xD28F, 0xD290, 0xD270, 0xD26F, 0xD26F, 0xD26F, 0xDA70, 0xD250, 0xD250, 0xD271, 0xD270,
 0xD250, 0xD251, 0xCA51, 0xCA51, 0xCA51, 0xCA51, 0xCA51, 0xCA51, 0xCA51, 0xCA51, 0xCA51, 0xCA50, 0xCA50, 0xCA51, 0xCA51, 0xCA51,
 0xCA51, 0xCA71, 0xCA71, 0xCA71, 0xCA71, 0xCA71, 0xCA71, 0xCA71, 0xCA71, 0xCA51, 0xCA71, 0xCA71, 0xCA51, 0xCA71, 0xCA71, 0xD271,
 0xCA71, 0xC251, 0xC272, 0xC272, 0xC251, 0xCA71, 0xD291, 0xCA50, 0x0068, 0x0068, 0x0847, 0x0067, 0x0047, 0x208A, 0x48EC, 0xB251,
 0xDA91, 0xD291, 0xD291, 0xD291, 0xD2B1, 0xD291, 0xD291, 0xD270, 0xD271, 0xD291, 0xCA71, 0xD271, 0xD271, 0xD291, 0xDA91, 0xDA91,
 0xDA91, 0xDA90, 0xDACF, 0xDAAF, 0xDA90, 0xDA71, 0xDA70, 0xD250, 0xD250, 0xD250, 0xD250, 0xD250, 0xD250, 0xD250, 0xD270, 0xD270,
 0xD270, 0xD271, 0xD271, 0xD270, 0xD2AF, 0xE30E, 0xE2EE, 0xE2EE, 0xE2EE, 0xE2EE, 0xE2EE, 0xE2EE, 0xE2EE, 0xE2EE, 0xE2ED, 0xE2EE,
 0xE2EE, 0xE2EE, 0xE2EE, 0xE2EE, 0xE2EE, 0xE2EE, 0xE2EE, 0xE2EE, 0xE2EE, 0xE2EE, 0xE2CE, 0xE2CE, 0xE2EE, 0xE2EE, 0xE2CE, 0xE2EE,
 0xE2EE, 0xE2EE, 0xE2EE, 0xE2ED, 0xE2ED, 0xE2CD, 0xE30E, 0xE2EF, 0xDACF, 0xDAD0, 0xD271, 0xCA51, 0xCA51, 0xCA50, 0xCA50, 0xCA50,
 0xCA51, 0xCA50, 0xCA50, 0xCA71, 0xD271, 0xCA51, 0xCA71, 0xCA51, 0xCA51, 0xCA50, 0xCA71, 0xCA71, 0xD271, 0xD271, 0xD271, 0xD271,
 0xD251, 0xD271, 0xCA71, 0xCA71, 0xCA71, 0xD271, 0xD271, 0xD291, 0xD291, 0xD291, 0xD272, 0xD292, 0xD271, 0xD270, 0xD290, 0xD291,
 0x0067, 0x0067, 0x0067, 0x0047, 0x0006, 0x208A, 0x590D, 0xC270, 0xEAB0, 0xE2B0, 0xE2B0, 0xE2D0, 0xE2D0, 0xE2D0, 0xE2B0, 0xE2B0,
 0xE290, 0xDA90, 0xDAB1, 0xDA90, 0xDA91, 0xDA91, 0xDAB0, 0xDA90, 0xDA90, 0xDAB0, 0xDA90, 0xDA8F, 0xDA90, 0xDA90, 0xDA90, 0xD26F,
 0xD250, 0xD271, 0xDA90, 0xDA8F, 0xD270, 0xD250, 0xD250, 0xD270, 0xD270, 0xD270, 0xD270, 0xD26F, 0xE2CE, 0xEB0D, 0xEB0D, 0xEB0D,
 0xEB0D, 0xEB0D, 0xEB0D, 0xEB2D, 0xEB0D, 0xEB0D, 0xEAED, 0xEB0D, 0xEB0D, 0xEB0D, 0xEAED, 0xEAED, 0xEAED, 0xEAED, 0xEAED, 0xEAED,
 0xEAED, 0xEAED, 0xEAED, 0xEAED, 0xEAED, 0xEAED, 0xEAED, 0xEAED, 0xEB0D, 0xEB0D, 0xEB0D, 0xEB0D, 0xEB0D, 0xEB0D, 0xEB0D, 0xEB0E,
 0xE2EF, 0xD26F, 0xD250, 0xD270, 0xD290, 0xDAAF, 0xDA8F, 0xD28F, 0xD290, 0xD290, 0xD28F, 0xCA70, 0xCA71, 0xCA71, 0xCA50, 0xD290,
 0xD270, 0xCA51, 0xD270, 0xD250, 0xCA50, 0xD250, 0xD250, 0xD271, 0xCA71, 0xCA70, 0xD271, 0xD271, 0xD291, 0xDA71, 0xDA71, 0xDA91,
 0xDA90, 0xDA90, 0xD271, 0xD271, 0xD271, 0xD270, 0xD270, 0xD271, 0x1087, 0x18A8, 0x0048, 0x0867, 0x20C7, 0x28AA, 0x510D, 0xC270,
 0xEAAF, 0xE2AF, 0xE2B0, 0xE2B0, 0xE2B0, 0xE2D0, 0xE2B0, 0xE2B1, 0xE290, 0xE290, 0xDA90, 0xE2AF, 0xE290, 0xE291, 0xDAAF, 0xDA90,
 0xDAB0, 0xDA90, 0xDA90, 0xDA8F, 0xDA8F, 0xDA8F, 0xD24F, 0xD28F, 0xD270, 0xD270, 0xD26F, 0xDAAF, 0xD26E, 0xDA8F, 0xDA8F, 0xD28F,
 0xDAB0, 0xDAAF, 0xDACF, 0xE2CF, 0xE2ED, 0xEB0D, 0xEB0D, 0xEB0D, 0xE2ED, 0xE2ED, 0xEB0D, 0xEB0D, 0xEB0D, 0xEB0D, 0xEB0D, 0xE30D,
 0xEB0D, 0xEB0D, 0xEAED, 0xE30D, 0xE30D, 0xEB0D, 0xEB0D, 0xEB0D, 0xE2ED, 0xE2ED, 0xE2ED, 0xEAED, 0xEAEC, 0xEAED, 0xEAED, 0xEB0D,
 0xEB0D, 0xEB0D, 0xEB0D, 0xE2ED, 0xE2ED, 0xEB0D, 0xEAED, 0xE2ED, 0xE2CE, 0xDA8E, 0xDAAE, 0xE2CE, 0xE2EE, 0xE2EE, 0xE2EE, 0xE2EE,
 0xE2EE, 0xE2CE, 0xE2CF, 0xDA8F, 0xDA90, 0xDA8F, 0xD28F, 0xDAB0, 0xE2B0, 0xDA90, 0xDA90, 0xDA90, 0xDA90, 0xDA70, 0xDA70, 0xDA70,
 0xDA70, 0xDA70, 0xDA70, 0xDA90, 0xDA90, 0xDA90, 0xDA90, 0xDA90, 0xDA90, 0xDA90, 0xD290, 0xD271, 0xD271, 0xD270, 0xD270, 0xD270,
 0x28A6, 0x51AB, 0x0008, 0x20A9, 0x6A4D, 0x30AB, 0x590E, 0xC26F, 0xEAAF, 0xE28F, 0xE2AF, 0xE2AF, 0xE2AF, 0xE2B0, 0xE2B0, 0xE290,
 0xDA90, 0xDA90, 0xE290, 0xDAAF, 0xDA90, 0xE290, 0xDA8F, 0xDAB0, 0xDAB0, 0xDA90, 0xDA8F, 0xDA8F, 0xE2B0, 0xDA90, 0xDA8F, 0xD270,
 0xD26F, 0xDA70, 0xDA70, 0xDA6F, 0xDA8E, 0xE2CF, 0xE2AF, 0xDAAE, 0xE2EE, 0xE2EE, 0xEB0E, 0xEB2E, 0xEB0D, 0xEB0D, 0xEB0D, 0xEB0D,
 0xEB0D, 0xEB0D, 0xEB0D, 0xEB0D, 0xEB0D, 0xE32D, 0xE32D, 0xEAED, 0xEAED, 0xEB0D, 0xE30D, 0xE30D, 0xEB0D, 0xEB0D, 0xEB0D, 0xEB0D,
 0xEB0D, 0xEB0D, 0xEB0C, 0xEB0C, 0xE30C, 0xE30C, 0xEB0D, 0xEB0C, 0xEB0D, 0xEB0D, 0xEAEE, 0xE2CE, 0xE2CE, 0xEAEE, 0xEACD, 0xEACD,
 0xEAED, 0xE2EE, 0xE2CE, 0xEACE, 0xE2AE, 0xEACE, 0xEAAE, 0xEAAE, 0xEAAE, 0xE2CE, 0xE2CE, 0xE2CF, 0xE2CF, 0xEAEF, 0xEAEF, 0xE2CF,
 0xEAAF, 0xDA6F, 0xE28F, 0xE2D0, 0xEAD0, 0xE2AF, 0xE2AF, 0xE2AF, 0xE2AF, 0xE290, 0xE290, 0xE2B0, 0xE290, 0xDAB0, 0xDAB0, 0xDA91,
 0xDA90, 0xDA8F, 0xDA90, 0xDA70, 0xDA71, 0xDA71, 0xDA70, 0xDA70, 0x0847, 0x0027, 0x0069, 0x0068, 0x0026, 0x20CB, 0x590E, 0xCA70,
 0xEAB0, 0xE28F, 0xE2AF, 0xE2AF, 0xE2AF, 0xE2AF, 0xDA8F, 0xDA8F, 0xDA8F, 0xE290, 0xE290, 0xDAD1, 0xDAB0, 0xE290, 0xE290, 0xDAB0,
 0xDAB0, 0xDA90, 0xDA90, 0xE2B0, 0xDA90, 0xDA90, 0xDA90, 0xDA70, 0xDA90, 0xDA90, 0xDA70, 0xE2AF, 0xEB0E, 0xE2ED, 0xE2CD, 0xE2CE,
 0xEB0D, 0xEB0D, 0xEB0D, 0xEB0D, 0xEB0D, 0xEB2E, 0xEB2E, 0xEB0D, 0xEB0D, 0xEB0D, 0xEB0D, 0xEB0D, 0xEB0D, 0xEB0D, 0xEAED, 0xEAED,
 0xEAED, 0xE30D, 0xEB0D, 0xF2ED, 0xEAED, 0xEB0D, 0xEB0D, 0xEB0D, 0xEB0D, 0xEB0D, 0xEAED, 0xE30D, 0xE30D, 0xE30D, 0xE30D, 0xEB0D,
 0xEB2D, 0xEAED, 0xEACE, 0xEB0E, 0xE2CE, 0xE2AE, 0xEAEE, 0xEAEE, 0xEAED, 0xEAED, 0xEAEE, 0xE2CE, 0xE2AE, 0xE2AF, 0xEAAF, 0xEAAF,
 0xEAAE, 0xEACE, 0xE2CE, 0xE2CE, 0xE2CE, 0xEACE, 0xEACE, 0xE2AE, 0xE2AF, 0xE2AF, 0xE28F, 0xE2CF, 0xE2CF, 0xE2AE, 0xE2AE, 0xE28E,
 0xE2AF, 0xE2D1, 0xE28F, 0xE2AF, 0xEA90, 0xDAB1, 0xDA91, 0xDA90, 0xE2CF, 0xEB30, 0xE2CE, 0xDA8E, 0xDA8F, 0xDA8F, 0xE290, 0xDA90,
 0x0867, 0x0068, 0x0048, 0x0869, 0x0069, 0x20AC, 0x690E, 0xCA91, 0xE2D1, 0xE2B0, 0xE290, 0xE290, 0xE290, 0xE290, 0xDA90, 0xD26F,
 0xDA8F, 0xDA90, 0xE290, 0xC290, 0xCAB0, 0xE2B0, 0xDA90, 0xDAB0, 0xDAB0, 0xE290, 0xDA90, 0xDA90, 0xDA6F, 0xDA6F, 0xDA90, 0xDA90,
 0xDA90, 0xDA90, 0xDA90, 0xE2AF, 0xE2ED, 0xEB0C, 0xEAED, 0xEAED, 0xEB0D, 0xEB0C, 0xEB0D, 0xEB0D, 0xE2ED, 0xEB0D, 0xEB0D, 0xE30D,
 0xEB0D, 0xEB0D, 0xEB0D, 0xEB0D, 0xEB0D, 0xEAED, 0xEAED, 0xE30D, 0xEB0D, 0xEB0D, 0xEAEC, 0xE30C, 0xE34C, 0xE36C, 0xE34C, 0xE34C,
 0xE34C, 0xE34C, 0xE34C, 0xE32C, 0xEACC, 0xEAED, 0xEB0D, 0xEB0D, 0xEB2D, 0xE30D, 0xE30D, 0xEB0D, 0xE2ED, 0xE2ED, 0xEAED, 0xEAED,
 0xE2ED, 0xE2ED, 0xEB0E, 0xE2CE, 0xE2CE, 0xE2AE, 0xE2AF, 0xE2CF, 0xE2AE, 0xE2CE, 0xE2CE, 0xE2CE, 0xE2AE, 0xE2AE, 0xE2AE, 0xE2AF,
 0xE2AF, 0xE2AF, 0xE2CF, 0xE2CF, 0xE2EF, 0xE2CF, 0xE2AF, 0xE2CF, 0xD2AE, 0xA9CD, 0xE2D0, 0xE2AF, 0xEAB1, 0xDAB1, 0xDA91, 0xE290,
 0xDAAF, 0xE30F, 0xE2CE, 0xE2CF, 0xE2B0, 0xE2AF, 0xE2CF, 0xE2AF, 0x0046, 0x0026, 0x0067, 0x0027, 0x0047, 0x20CC, 0x690E, 0xCA91,
 0xE2CF, 0xE2AF, 0xE2AF, 0xE2AF, 0xE2AF, 0xE2AF, 0xE2AF, 0xE2AF, 0xDAAF, 0xDAAE, 0xEAF0, 0x99CB, 0xAA4C, 0xEB0F, 0xE2AE, 0xE2CE,
 0xDAAF, 0xDAAE, 0xE2CF, 0xE2AE, 0xE2AE, 0xE2AE, 0xE2AF, 0xE2CF, 0xE2CF, 0xE2CF, 0xE2CE, 0xE2EE, 0xEB2D, 0xEB4D, 0xEB4D, 0xEB0D,
 0xEB2C, 0xEB2C, 0xEB2C, 0xEB2D, 0xEB2D, 0xEB2D, 0xEB2C, 0xEB2D, 0xEB4C, 0xEB2C, 0xEB4D, 0xEB4D, 0xEB2C, 0xEB2C, 0xE34D, 0xEB6D,
 0xEB2C, 0xEB0B, 0xE3AB, 0xE4CE, 0xFE72, 0xFE70, 0xFE71, 0xFE50, 0xFE50, 0xFE50, 0xFE71, 0xF58F, 0xE3AB, 0xE36B, 0xE2EB, 0xEB2C,
 0xEB4C, 0xEB4D, 0xE34D, 0xEB4C, 0xEB2D, 0xEB2D, 0xEB2D, 0xEB2C, 0xEB2C, 0xEB2D, 0xEB2C, 0xE32C, 0xE32C, 0xE30C, 0xEB0D, 0xEB0D,
 0xE2ED, 0xF34F, 0xEB2E, 0xDAAE, 0xE2CF, 0xE2AF, 0xE2AF, 0xE2AF, 0xE2AF, 0xE2AF, 0xE2CF, 0xE2CF, 0xE2CF, 0xE2CF, 0xDAAF, 0xE2F0,
 0xC28E, 0x70CA, 0xDAD0, 0xE2AF, 0xE290, 0xDA91, 0xDA90, 0xDA90, 0xDA90, 0xDA90, 0xDAB0, 0xDA91, 0xDA91, 0xDA90, 0xE28F, 0xEACF,
 0x2087, 0x396B, 0x0025, 0x396A, 0x28E8, 0x188B, 0x690F, 0xD2B0, 0xEB0E, 0xEAEE, 0xEAEE, 0xEAEE, 0xE2EE, 0xE2EE, 0xEAEE, 0xEB0E,
 0xEB0D, 0xE30D, 0xF34F, 0x920B, 0xA2AB, 0xEB6F, 0xEB0E, 0xEB2D, 0xEB2E, 0xE2ED, 0xEB0E, 0xEB0D, 0xEB0E, 0xEB0E, 0xEB0E, 0xEB2D,
 0xEB2D, 0xEB2E, 0xEB2D, 0xEB6D, 0xE32D, 0xE32D, 0xEB6D, 0xEB4C, 0xEB4C, 0xEB4C, 0xEB4C, 0xEB4C, 0xEB4C, 0xEB6C, 0xEB6C, 0xEB6C,
 0xEB6C, 0xEB6C, 0xEB6C, 0xEB8C, 0xEB6C, 0xEB6C, 0xEB8C, 0xE34B, 0xE40C, 0xED4F, 0xFE92, 0xFEF1, 0xFEF0, 0xF710, 0xF6F0, 0xF6F0,
 0xF710, 0xF710, 0xF710, 0xF6F0, 0xFEF1, 0xF610, 0xECCE, 0xDB8B, 0xF3CD, 0xEB8C, 0xEB8C, 0xEB6C, 0xEB6C, 0xEB6C, 0xEB6B, 0xEB6B,
 0xEB6B, 0xEB6C, 0xEB6C, 0xEB6B, 0xEB6B, 0xEB6C, 0xEB2C, 0xEB0C, 0xEB2D, 0xEB2D, 0xE2ED, 0xE2CD, 0xE2CF, 0xEACF, 0xEAAF, 0xE2AF,
 0xE2CF, 0xE2AF, 0xEAEF, 0xEAEF, 0xE2CE, 0xE2CF, 0xDAAF, 0xDA6E, 0xC24E, 0x690C, 0xDAD0, 0xE28E, 0xDA90, 0xDA90, 0xE290, 0xDA8F,
 0xDAB0, 0xDAAF, 0xDAB0, 0xDAB0, 0xD28F, 0xDAAF, 0xE2CE, 0xEAEE, 0x20C7, 0x396B, 0x0005, 0x396B, 0x28C9, 0x186B, 0x610F, 0xD2EF,
 0xF36E, 0xEB4D, 0xEB2D, 0xEB2D, 0xEB4E, 0xEB4D, 0xE34D, 0xEB2D, 0xEB2D, 0xE30D, 0xF38E, 0x8A0B, 0xA28C, 0xEB6E, 0xEAED, 0xE2ED,
 0xEACD, 0xEACE, 0xE2CE, 0xE2AE, 0xE2AE, 0xEAAE, 0xEACE, 0xE2CE, 0xE2CE, 0xE2CE, 0xEAEE, 0xE2CE, 0xE2AE, 0xE2AE, 0xE2CD, 0xEB0C,
 0xEB4C, 0xEB4C, 0xEB4C, 0xEB4C, 0xEB6C, 0xEB6B, 0xEB6B, 0xEB8B, 0xEB8B, 0xEB8B, 0xF36C, 0xF34C, 0xEB6B, 0xEB6B, 0xE34A, 0xECCD,
 0xF651, 0xFF12, 0xFED0, 0xF6EF, 0xF6F0, 0xF6D0, 0xF6D0, 0xF6D0, 0xF6D0, 0xF6D0, 0xF6D0, 0xF6F0, 0xFED0, 0xFEF1, 0xF712, 0xF5EF,
 0xE3CA, 0xEB4C, 0xEB6D, 0xEB6C, 0xEB6C, 0xEB6C, 0xEB4B, 0xEB6B, 0xEB4B, 0xEB6B, 0xEB4C, 0xEB4C, 0xEB6C, 0xEB6C, 0xEB4C, 0xEB4D,
 0xEB4D, 0xEB4D, 0xEB2D, 0xE2CE, 0xE2CF, 0xEAEF, 0xEB0F, 0xEAEF, 0xEAAF, 0xEAAF, 0xEACE, 0xE2CF, 0xE2CF, 0xE2CE, 0xDAAF, 0xD24F,
 0xC24E, 0x692B, 0xE30F, 0xEAEF, 0xEAEE, 0xEAEE, 0xEAEE, 0xEAEE, 0xEAED, 0xEB0D, 0xEB0E, 0xEB0F, 0xE30E, 0xE30E, 0xE30E, 0xE2ED,
 0x0004, 0x0026, 0x0088, 0x0027, 0x0027, 0x208C, 0x58EE, 0xCAEE, 0xEB6D, 0xEB4D, 0xEB4D, 0xEB4D, 0xEB4D, 0xEB4C, 0xEB4C, 0xEB4D,
 0xEB2E, 0xEB0C, 0xF36C, 0x91E9, 0xAA4B, 0xF32D, 0xEACC, 0xEAED, 0xE2AE, 0xEAAD, 0xE2AE, 0xE2AE, 0xE2AF, 0xE2AE, 0xEAAE, 0xEAAE,
 0xE2AE, 0xEACE, 0xEACE, 0xEACE, 0xEACF, 0xEAAF, 0xE2AE, 0xEAEE, 0xEB0E, 0xE2ED, 0xEB0E, 0xE30D, 0xE32D, 0xEB6D, 0xEB8C, 0xEB6C,
 0xEB6B, 0xEB6C, 0xEB6C, 0xEB6C, 0xE38B, 0xE38B, 0xECCD, 0xFEB2, 0xF6F1, 0xF6D0, 0xFED0, 0xFED0, 0xFED0, 0xF6F0, 0xF6F0, 0xF6F0,
 0xF6F0, 0xFEF0, 0xFEF0, 0xF6F0, 0xF6F0, 0xFECF, 0xF6CF, 0xFF11, 0xFDEF, 0xE3EB, 0xEB6B, 0xEB6C, 0xEB6B, 0xEB6C, 0xEB6C, 0xEB4B,
 0xEB4C, 0xEB6C, 0xEB4C, 0xEB4B, 0xEB4B, 0xEB6C, 0xEB4D, 0xE30D, 0xDACD, 0xE2CE, 0xE2EE, 0xE2CF, 0xE2CE, 0xE2CE, 0xE2CE, 0xE2CF,
 0xE2D0, 0xE2D0, 0xEACE, 0xE2CE, 0xE2CF, 0xE2CF, 0xDAAE, 0xDA6E, 0xC24F, 0x690A, 0xEB4F, 0xE30E, 0xE32D, 0xE30D, 0xEB0D, 0xEB0D,
 0xEB0D, 0xEB2C, 0xEB0E, 0xEB0E, 0xEB2D, 0xEB0D, 0xEAED, 0xEAED, 0x4A2D, 0x18C8, 0x0048, 0x0889, 0x0848, 0x188C, 0x58ED, 0xCAED,
 0xEB6D, 0xE34D, 0xEB4D, 0xEB6C, 0xEB4C, 0xEB4C, 0xEB4D, 0xEB4D, 0xEB6D, 0xE34D, 0xF3EF, 0x922A, 0xAA2C, 0xF30E, 0xE2ED, 0xD2AD,
 0xDACE, 0xEAAE, 0xEA8E, 0xEA8D, 0xE2CD, 0xE2CE, 0xE2AF, 0xEAAF, 0xEACE, 0xEAEE, 0xEACE, 0xEACE, 0xEACF, 0xEAAE, 0xE2AE, 0xE2CF,
 0xE2EE, 0xE2CE, 0xE2CE, 0xE2AD, 0xE2CD, 0xE30D, 0xE36C, 0xF36C, 0xF36C, 0xE36C, 0xE36C, 0xEB6C, 0xE36B, 0xE48C, 0xFEB2, 0xF6F1,
 0xF6F0, 0xFED0, 0xFED0, 0xFEF0, 0xFEF0, 0xFEF0, 0xF6F0, 0xF6F0, 0xF6F0, 0xFEF0, 0xFEF0, 0xF6F0, 0xEF10, 0xF6F0, 0xFED0, 0xFECF,
 0xFF11, 0xF5AF, 0xE36A, 0xEB6B, 0xEB6B, 0xEB6B, 0xEB6B, 0xEB6B, 0xEB6C, 0xE30C, 0xE2EC, 0xE2EC, 0xDAEC, 0xEB2D, 0xE2EE, 0xDA8E,
 0xDA8F, 0xDA8F, 0xDA8F, 0xDAAF, 0xDAAF, 0xE2AF, 0xE2CE, 0xE2CE, 0xE2CE, 0xEACD, 0xE2CF, 0xEACF, 0xEAB0, 0xE2D0, 0xDAAE, 0xDA6F,
 0xB26F, 0x6108, 0xD32E, 0xE2ED, 0xE30C, 0xEB0D, 0xEB0D, 0xEB0D, 0xEB2D, 0xEB2D, 0xEB2D, 0xEB0D, 0xEB2C, 0xEB0C, 0xEAEE, 0xEB0F,
 0x520E, 0x1889, 0x0049, 0x0869, 0x0848, 0x188C, 0x590D, 0xCAED, 0xEB6D, 0xEB4D, 0xEB4C, 0xEB6B, 0xEB6C, 0xEB4D, 0xEB4E, 0xEB4C,
 0xEB4B, 0xDB2E, 0xA28E, 0x5129, 0x91EB, 0xEB2E, 0xD2EC, 0x6907, 0xD28E, 0xEA8E, 0xEA8F, 0xEAAE, 0xEAAD, 0xEAAE, 0xE2AF, 0xE2AF,
 0xEAAF, 0xEACE, 0xEACE, 0xEAAF, 0xEAAF, 0xEAAF, 0xEACE, 0xE2ED, 0xEB0D, 0xEB4E, 0xEB2D, 0xEB0D, 0xEB2D, 0xEB4D, 0xEB6C, 0xF36C,
 0xEB6C, 0xE38C, 0xEB6C, 0xF34B, 0xEB8B, 0xF610, 0xFEF1, 0xFEAF, 0xFEEF, 0xFEF0, 0xFED0, 0xF710, 0xF6F0, 0xFEF0, 0xFEF0, 0xFEF0,
 0xFEF0, 0xFEF0, 0xFEF0, 0xFED0, 0xFED0, 0xF6D0, 0xFEB0, 0xFEAF, 0xEEF0, 0xFEF2, 0xECCD, 0xE30A, 0xEB6C, 0xEB6B, 0xEB6B, 0xEB8C,
 0xEB6C, 0xE32C, 0xE2ED, 0xE2ED, 0xE2ED, 0xE2ED, 0xE2EE, 0xE2EE, 0xE2EF, 0xE2EE, 0xE2EE, 0xE30F, 0xE30E, 0xE30E, 0xEB2E, 0xEB0D,
 0xEB0D, 0xEB2E, 0xDB2F, 0xE2CE, 0xEAAF, 0xE2CF, 0xE310, 0x99ED, 0x3889, 0x1888, 0x40A6, 0xAA4C, 0xE34D, 0xE2ED, 0xF2ED, 0xEB0D,
 0xEB2D, 0xEB2D, 0xEB2D, 0xEB0D, 0xEB2C, 0xE32E, 0xDB10, 0xBA6F, 0x0007, 0x0869, 0x006A, 0x0849, 0x0828, 0x208C, 0x610D, 0xD30D,
 0xEB8D, 0xEB4C, 0xEB4C, 0xE36C, 0xE36C, 0xEB4C, 0xEB6D, 0xE3AF, 0xE3CF, 0xC34F, 0x490B, 0x1089, 0x79EC, 0xE36F, 0xBB2D, 0x40E8,
 0xCAF0, 0xEAEE, 0xE2AE, 0xE2CE, 0xE2CE, 0xE2CD, 0xEACD, 0xEACD, 0xE2CE, 0xEACD, 0xEACE, 0xE2CE, 0xE2AE, 0xEACE, 0xEB0D, 0xEB4C,
 0xEB6C, 0xF36C, 0xEB6C, 0xEB4C, 0xEB6C, 0xEB6C, 0xEB6C, 0xEB8C, 0xE38C, 0xEB8C, 0xF36C, 0xE36A, 0xE4AD, 0xFED1, 0xF6D0, 0xFEB0,
 0xF6D0, 0xEEF0, 0xF6F0, 0xF6F0, 0xFEF0, 0xFEF0, 0xFEF0, 0xFEF1, 0xFEF0, 0xF6F0, 0xF6F0, 0xFEF0, 0xFF11, 0xFF11, 0xFF12, 0xFF12,
 0xFEF2, 0xFE92, 0xFE12, 0xEBEE, 0xEB4C, 0xEB6C, 0xEB8B, 0xEB8B, 0xEB8C, 0xEB6C, 0xEB4D, 0xEB4C, 0xEB6C, 0xEB6C, 0xEB6C, 0xEB6C,
 0xEB6C, 0xEB6C, 0xEB6D, 0xEB6C, 0xEB8C, 0xEB8C, 0xEB8C, 0xEB6D, 0xEB6D, 0xEB6D, 0xE34D, 0xEB0E, 0xEAEE, 0xCACE, 0x91CC, 0xB332,
 0x412B, 0x0869, 0x1007, 0x9AAE, 0xEBCF, 0xE34D, 0xEB2D, 0xEB0D, 0xEB2C, 0xEB2D, 0xEB2D, 0xEB2D, 0xE32E, 0xC28F, 0x99EF, 0x81D1,
 0x088B, 0x0089, 0x0049, 0x1089, 0x18AA, 0x206C, 0x612E, 0xD32E, 0xEBAD, 0xEB6C, 0xEB4C, 0xE36D, 0xE36C, 0xEB8C, 0xDBAE, 0x820C,
 0x40E9, 0x410A, 0x20AB, 0x106A, 0x2889, 0x40E9, 0x3908, 0x1888, 0x490A, 0x89CA, 0xEB4E, 0xF32D, 0xEB2D, 0xEB6D, 0xEB4C, 0xEB4C,
 0xEB4D, 0xEB4C, 0xEB4D, 0xEB4D, 0xEB4D, 0xEB4C, 0xEB4C, 0xEB4C, 0xEB6C, 0xEB6C, 0xEB6C, 0xE34C, 0xEB6C, 0xEB6C, 0xEB8C, 0xEB8B,
 0xE36B, 0xEB6C, 0xEB4B, 0xE40C, 0xFEB3, 0xFF32, 0xFF31, 0xFF31, 0xFF11, 0xFF31, 0xFF31, 0xFEEF, 0xFED0, 0xFEF0, 0xFEF0, 0xFEF1,
 0xFEF1, 0xFEF0, 0xF6F0, 0xFEF1, 0xE58E, 0xE50E, 0xED0E, 0xE52E, 0xE48D, 0xD38A, 0xDBAC, 0xDBAC, 0xE36C, 0xEB6C, 0xEB6B, 0xEB8B,
 0xEB6B, 0xEB6C, 0xEB6B, 0xEB6B, 0xF3AC, 0xEB6B, 0xEB6B, 0xEB6C, 0xEB6C, 0xEB6C, 0xEB6C, 0xEB6C, 0xE32C, 0xE30D, 0xE32D, 0xEB6E,
 0xEB6C, 0xF36C, 0xE36D, 0xBACD, 0xDB4F, 0xA26D, 0x30A9, 0x28CB, 0x18AA, 0x0089, 0x0869, 0x5108, 0xBB0D, 0xCB4E, 0xE36E, 0xEB4D,
 0xEB2C, 0xEB2D, 0xEB2D, 0xEB2D, 0xE34F, 0xA210, 0x7992, 0x79F5, 0x18CD, 0x10AA, 0x0006, 0x41CF, 0x5230, 0x180B, 0x692E, 0xD32E,
 0xEBAD, 0xE38D, 0xEB6C, 0xEB4C, 0xEB8D, 0xC34D, 0x50E7, 0x1048, 0x0029, 0x0029, 0x084A, 0x084A, 0x0869, 0x0049, 0x0049, 0x0849,
 0x0028, 0x3089, 0xA22E, 0xD2ED, 0xEB8D, 0xE38C, 0xEB6C, 0xEB6C, 0xEB6C, 0xEB6B, 0xEB6C, 0xEB6C, 0xEB6C, 0xEB8C, 0xEB6C, 0xEB6C,
 0xEB8C, 0xEB8C, 0xEB6C, 0xEB8D, 0xEB6C, 0xEB6C, 0xEB6C, 0xEB6C, 0xEB6C, 0xEB6C, 0xEB4C, 0xE38B, 0xF52F, 0xF54F, 0xF54F, 0xED50,
 0xF510, 0xF510, 0xED2E, 0xF690, 0xFF11, 0xFEF0, 0xFEF0, 0xFEF1, 0xFEF1, 0xF6F0, 0xF6F0, 0xFED1, 0xED8E, 0xED2E, 0xF54F, 0xED6E,
 0xED6F, 0xF54F, 0xF54F, 0xE46C, 0xDB6A, 0xEB6C, 0xEB4C, 0xEB6B, 0xEB6B, 0xEB4B, 0xEB4B, 0xEB6B, 0xEB6C, 0xEB4C, 0xF38D, 0xEB6C,
 0xEB6C, 0xEB6C, 0xEB6C, 0xEB6D, 0xE30D, 0xDAEE, 0xE32E, 0xEB6D, 0xEBAD, 0xAA6B, 0x61AB, 0x2867, 0x38E9, 0x1888, 0x0069, 0x0849,
 0x0849, 0x0089, 0x0089, 0x0047, 0x2087, 0x20A7, 0x618A, 0xD36E, 0xEB6D, 0xE34D, 0xEB2C, 0xEB2C, 0xD30E, 0x9211, 0x81D5, 0x81D4,
 0x088A, 0x0848, 0x0848, 0x1068, 0x1049, 0x206D, 0x690E, 0xD32F, 0xEBAD, 0xE36C, 0xEB6B, 0xF34B, 0xF38E, 0x924B, 0x0827, 0x088A,
 0x088A, 0x1069, 0x0869, 0x086A, 0x0869, 0x0089, 0x088A, 0x088A, 0x088A, 0x20CC, 0x694E, 0xAA6F, 0xEBCE, 0xE38B, 0xEB4B, 0xEB4B,
 0xEB6C, 0xEB6C, 0xEB6C, 0xEB4C, 0xEB6C, 0xEB8C, 0xEB8C, 0xEB8B, 0xF3EC, 0xEBAC, 0xEB6B, 0xEB6C, 0xEB8C, 0xEB6C, 0xEB4C, 0xEB4C,
 0xE38C, 0xE36C, 0xEB6C, 0xEC0C, 0xDC2A, 0xDC0B, 0xE40C, 0xDC0C, 0xE40D, 0xEC0D, 0xE44C, 0xFE51, 0xF711, 0xF6F0, 0xFEF1, 0xFEF0,
 0xFEF0, 0xFEF0, 0xF6F1, 0xF6D0, 0xFEF0, 0xFEF1, 0xFEF1, 0xFEF1, 0xFEF1, 0xFED1, 0xFED1, 0xFE11, 0xEC6C, 0xEB4B, 0xEB4C, 0xEB4C,
 0xEB4B, 0xF38C, 0xEB6C, 0xEB4B, 0xEB4C, 0xEB4C, 0xEB6C, 0xEB6B, 0xEB8C, 0xEB8D, 0xEB8C, 0xEB8C, 0xEB6D, 0xEB6C, 0xEB8D, 0xE36D,
 0xEBCF, 0x614A, 0x18AA, 0x10AA, 0x0069, 0x00AA, 0x0889, 0x0889, 0x0869, 0x0868, 0x0868, 0x0889, 0x0888, 0x0888, 0x0825, 0xAACB,
 0xEBAE, 0xE34D, 0xEB2D, 0xF32C, 0xC2AD, 0x81B1, 0x81D5, 0x89D3, 0x0048, 0x0028, 0x0049, 0x0868, 0x0808, 0x206C, 0x690D, 0xD32F,
 0xEB8C, 0xEB4C, 0xE36C, 0xE36C, 0xF38D, 0x926B, 0x0868, 0x086A, 0x0029, 0x0868, 0x0848, 0x0848, 0x0849, 0x0049, 0x0869, 0x0849,
 0x0009, 0x28EB, 0x796E, 0xB26F, 0xEBCD, 0xE38B, 0xF36C, 0xEB8D, 0xEB8C, 0xEB6B, 0xEB4C, 0xEB4D, 0xEB6B, 0xEB6C, 0xEB8D, 0xEB6C,
 0xEB8C, 0xEB8C, 0xEB6C, 0xEB6C, 0xEB6C, 0xEB6C, 0xEB6C, 0xEB6B, 0xEB6B, 0xEB6C, 0xE36B, 0xFE32, 0xFF32, 0xFEF0, 0xFF11, 0xFF31,
 0xFF11, 0xFF11, 0xFF11, 0xFF31, 0xFF51, 0xFF52, 0xFF11, 0xFEF0, 0xFEF0, 0xFED0, 0xFED0, 0xFED0, 0xFECF, 0xFED0, 0xFED1, 0xFED1,
 0xFED0, 0xF6B0, 0xF690, 0xF6D0, 0xFE10, 0xEB6A, 0xEB4C, 0xEB6C, 0xE34C, 0xF38C, 0xEB4D, 0xEB2C, 0xEB6C, 0xEB6C, 0xEB4C, 0xEB4C,
 0xE36D, 0xEBAD, 0xEB8B, 0xEB8C, 0xEB6C, 0xEB6C, 0xE36D, 0xE36D, 0xEBCE, 0x698B, 0x28CB, 0x106A, 0x088A, 0x0869, 0x0889, 0x0069,
 0x0068, 0x0047, 0x0069, 0x0069, 0x0847, 0x1089, 0x1048, 0xAAED, 0xEBCE, 0xE36D, 0xEB8D, 0xEB6D, 0xC28E, 0x81D3, 0x81D4, 0x81D4,
 0x30CC, 0x28AC, 0x086A, 0x0848, 0x398E, 0x208C, 0x692C, 0xCB0F, 0xEBCE, 0xBAAE, 0x89ED, 0xCB4C, 0xEBAD, 0x8A6C, 0x0049, 0x20CC,
 0x412B, 0x41CD, 0x292B, 0x2088, 0x28CA, 0x414C, 0x30EB, 0x416D, 0x49EF, 0x288A, 0x794E, 0xAA8E, 0xEBCC, 0xEB6C, 0xDB0D, 0xC2F0,
 0xCB0D, 0xE38C, 0xEB6C, 0xEB6C, 0xEB8B, 0xEB6C, 0xEB4D, 0xE34D, 0xEB6D, 0xEB6C, 0xEB6C, 0xEB6C, 0xEB4B, 0xEB8C, 0xEBAC, 0xEB4C,
 0xF34C, 0xEB6C, 0xE38B, 0xF590, 0xF630, 0xF630, 0xF650, 0xF630, 0xF631, 0xF5D1, 0xF5F0, 0xF630, 0xED4D, 0xED4E, 0xF60F, 0xFEF1,
 0xF6F1, 0xF6F0, 0xFEF0, 0xF6B0, 0xF630, 0xF630, 0xF631, 0xF631, 0xF631, 0xF611, 0xF5F1, 0xF630, 0xF56F, 0xEB4B, 0xEB2C, 0xEB0C,
 0xE30D, 0xE2ED, 0xE2CD, 0xE2AD, 0xE2CC, 0xE2CD, 0xE2CE, 0xE2EE, 0xE32D, 0xEBAC, 0xEB8B, 0xEB4C, 0xDB2E, 0xD2EF, 0xDB2E, 0xEB4B,
 0xEBAE, 0x616B, 0x310C, 0x392D, 0x106A, 0x28AB, 0x1889, 0x20CA, 0x0848, 0x30EB, 0x0869, 0x0889, 0x314C, 0x10C9, 0x0847, 0xAAED,
 0xF3EF, 0xE38E, 0xC2EF, 0xD34F, 0xC2AF, 0x81B3, 0x81D4, 0x79D4, 0x414E, 0x188B, 0x086A, 0x0849, 0x292D, 0x208B, 0x692D, 0xC2F1,
 0xDB70, 0xA250, 0x69B0, 0x9A8D, 0xEB6E, 0x9A4C, 0x0828, 0x20CB, 0x498D, 0x1869, 0x106A, 0x188A, 0x188A, 0x20EB, 0x18AA, 0x292C,
 0x318D, 0x288C, 0x794F, 0xAA6D, 0xE3AC, 0xCACE, 0x99F0, 0x81B1, 0x99D0, 0xD2EF, 0xEB8C, 0xEB6C, 0xEB8C, 0xEB6B, 0xF34B, 0xEB6B,
 0xE38C, 0xEB8C, 0xE38C, 0xEB6C, 0xEB6C, 0xEB6B, 0xEB6B, 0xEB6C, 0xEB6D, 0xE38D, 0xEB8C, 0xDB4A, 0xD309, 0xDB0A, 0xDB0A, 0xDAEB,
 0xDAEC, 0xD2EC, 0xCAEB, 0xE42E, 0xF570, 0xE58D, 0xEE2F, 0xFEF1, 0xF6F0, 0xFED0, 0xFED0, 0xE52D, 0xDB4B, 0xD2EB, 0xD30C, 0xDB0B,
 0xDB0B, 0xDAEC, 0xDAEC, 0xD30B, 0xD32C, 0xEB2E, 0xEB4D, 0xEB0C, 0xEB2C, 0xE32B, 0xE30C, 0xE2CD, 0xEACE, 0xE2CD, 0xE2ED, 0xE32D,
 0xEB4D, 0xEB4C, 0xEB6C, 0xE32E, 0xBA70, 0xA1D0, 0xBA6F, 0xDB0D, 0xE34E, 0x5929, 0x310B, 0x396C, 0x28EA, 0x520F, 0x18A9, 0x314C,
 0x1068, 0x622F, 0x1889, 0x1089, 0x6291, 0x18EA, 0x0827, 0xB2ED, 0xF42E, 0xCB10, 0x91B3, 0xA232, 0xBAD2, 0x81B4, 0x81D4, 0x79B3,
 0x182A, 0x0049, 0x006A, 0x0049, 0x0029, 0x186B, 0x612E, 0x99D0, 0x99CF, 0x89B0, 0x7191, 0x816F, 0xDB10, 0xA26C, 0x0868, 0x006A,
 0x0808, 0x106B, 0x086B, 0x086A, 0x086A, 0x0008, 0x0849, 0x0028, 0x0008, 0x20CD, 0x714D, 0xB28D, 0xCACE, 0x9171, 0x81D4, 0x81F4,
 0x8992, 0xC28F, 0xEBAC, 0xEB6C, 0xEB6C, 0xEB6C, 0xEB4D, 0xE3AD, 0xE3CE, 0xF38B, 0xEB8B, 0xE38C, 0xE38C, 0xE38C, 0xEB8B, 0xEB8C,
 0xEB8C, 0xE38C, 0xE36B, 0xF50F, 0xFDB0, 0xFD8F, 0xFDAF, 0xFDAF, 0xFD90, 0xFD90, 0xF5B0, 0xF630, 0xFED1, 0xFED0, 0xFED0, 0xF6D0,
 0xF6D0, 0xFED0, 0xFEB0, 0xFEB1, 0xF610, 0xF5CF, 0xF5D0, 0xF5AF, 0xF5AF, 0xF5AF, 0xF58F, 0xFD90, 0xF50F, 0xE36C, 0xEB8D, 0xEB6C,
 0xF34C, 0xEB4C, 0xEB6C, 0xEB4D, 0xEB6E, 0xEB6C, 0xEB8B, 0xEB6B, 0xEB4A, 0xEB4B, 0xE34D, 0xC28F, 0xA9F1, 0x99F2, 0x99D1, 0xB22E,
 0xD30E, 0x614A, 0x0807, 0x0027, 0x0068, 0x0028, 0x0869, 0x004A, 0x086A, 0x0808, 0x088B, 0x088B, 0x1069, 0x106A, 0x1029, 0xB2CD,
 0xEBEE, 0xB2B1, 0x91B5, 0x99D5, 0x99F4, 0x89D4, 0x81B4, 0x79D4, 0x7A53, 0x1029, 0x0048, 0x088A, 0x0869, 0x106B, 0x5910, 0x8992,
 0x8171, 0x7972, 0x71B2, 0x8171, 0xC2B1, 0x8A6E, 0x004A, 0x20CC, 0x59CF, 0x086A, 0x08AA, 0x088A, 0x0849, 0x41AE, 0x1889, 0x290B,
 0x49EE, 0x2069, 0x714D, 0xAA6F, 0xB292, 0x8974, 0x89B4, 0x81D3, 0x89B3, 0xBAB0, 0xEBAD, 0xEB6D, 0xEB8C, 0xE3AE, 0xAA6E, 0x69CE,
 0x81ED, 0xEBAE, 0xF38C, 0xF3AC, 0xEBAD, 0xEBCD, 0xEBCE, 0xEBCE, 0xEBAE, 0xEBAE, 0xE38C, 0xFDD0, 0xFF32, 0xFEF0, 0xFF11, 0xFEF1,
 0xFEF1, 0xFED2, 0xFED1, 0xFEF0, 0xFED0, 0xFED0, 0xFEF0, 0xFEF1, 0xFF11, 0xFF11, 0xFF32, 0xFF32, 0xFF31, 0xFF31, 0xFF11, 0xFEF1,
 0xFEF0, 0xFED1, 0xFED1, 0xFF12, 0xFDF1, 0xEB6C, 0xF3AD, 0xEBCC, 0xEBCD, 0xEBAD, 0xF3AC, 0xD32F, 0xA210, 0xBAD0, 0xE36D, 0xF36C,
 0xEB6C, 0xEB6D, 0xE34E, 0xCAD0, 0xA9F1, 0x99F2, 0x89F3, 0x9A10, 0xCB10, 0x592A, 0x28EB, 0x392C, 0x1889, 0x394D, 0x0069, 0x008B,
 0x10AB, 0x392D, 0x086A, 0x08AB, 0x18CB, 0x008A, 0x0049, 0xB2ED, 0xD34E, 0x91F2, 0x99D4, 0x91D4, 0x89D5, 0x89D3, 0x79F2, 0x40EE,
 0x1048, 0x0047, 0x0047, 0x10CA, 0x0049, 0x106A, 0x6110, 0x8173, 0x7993, 0x7972, 0x7191, 0x7992, 0x89B2, 0x6190, 0x086C, 0x188C,
 0x30ED, 0x086B, 0x00AB, 0x00AA, 0x0869, 0x396D, 0x1889, 0x20EB, 0x316B, 0x2069, 0x796F, 0x89D0, 0x89F1, 0x8194, 0x89B3, 0x81D4,
 0x81B3, 0xAA32, 0xCACE, 0xE32E, 0xD2EE, 0xB290, 0x9251, 0x5151, 0x590F, 0xC2D0, 0xBAAF, 0xBAB0, 0xBAD1, 0xBAD0, 0xC2D0, 0xC2AF,
 0xC2CF, 0xC2D1, 0xC290, 0xC36F, 0xE48F, 0xEC8E, 0xEC8E, 0xE48D, 0xE46E, 0xEC6E, 0xEC4E, 0xEC6E, 0xEC6E, 0xEC8F, 0xEC8E, 0xEC8E,
 0xECAF, 0xECCF, 0xECCF, 0xECF0, 0xECCF, 0xECAF, 0xEC8F, 0xEC8E, 0xEC6E, 0xE46E, 0xE46F, 0xDC8F, 0xCBCF, 0xCAAF, 0xC2D0, 0xC2EF,
 0xC2EF, 0xC2D0, 0xC2F0, 0x9A31, 0x7994, 0x81F3, 0xA231, 0xC290, 0xD2CE, 0xE30D, 0xDAAD, 0xD2AE, 0xBA50, 0x99F2, 0x8A13, 0x91F1,
 0xAA71, 0x490B, 0x312D, 0x390B, 0x28C9, 0x51EE, 0x0848, 0x0089, 0x20CB, 0x51CF, 0x0849, 0x088A, 0x1069, 0x0089, 0x0047, 0x9AAD,
 0xBAB1, 0x8994, 0x91B4, 0x89D3, 0x89B3, 0x89D2, 0x512E, 0x0828, 0x0027, 0x0046, 0x0027, 0x0028, 0x0028, 0x108A, 0x6130, 0x8173,
 0x7972, 0x7972, 0x7972, 0x7973, 0x81B4, 0x5952, 0x106B, 0x088A, 0x0049, 0x086C, 0x006B, 0x008B, 0x086A, 0x0008, 0x0028, 0x0028,
 0x0007, 0x288A, 0x796F, 0x7990, 0x79D3, 0x79D4, 0x81D3, 0x81D3, 0x89D4, 0x91F2, 0xBA6F, 0xE330, 0xBA31, 0x8153, 0x89D3, 0x5131,
 0x4911, 0x9A12, 0x91D2, 0x91F3, 0x99F3, 0x99D2, 0xA232, 0xA212, 0xAA73, 0x99F4, 0x9193, 0x91B1, 0xBA70, 0xDAAD, 0xDAAB, 0xD2CB,
 0xD2EB, 0xD2EB, 0xD2EC, 0xDB0C, 0xDAEC, 0xDAEC, 0xDAEC, 0xD30C, 0xD30B, 0xD30C, 0xDB0C, 0xDB0C, 0xD30C, 0xD30C, 0xD2EB, 0xD2CB,
 0xD2CC, 0xD2CC, 0xDACD, 0xCA8F, 0x9A10, 0x9A13, 0x9213, 0x9A13, 0xA213, 0x9A13, 0x8A13, 0x79D3, 0x79D3, 0x71D2, 0x71D2, 0x89B1,
 0xC26E, 0xD2CD, 0xCA6F, 0xD290, 0xBA51, 0x91F2, 0x89F3, 0x91D3, 0x91F3, 0x512E, 0x084A, 0x0848, 0x0068, 0x0027, 0x08A9, 0x0069,
 0x0069, 0x0028, 0x088A, 0x006A, 0x0068, 0x0849, 0x1028, 0x718E, 0x91B2, 0x8993, 0x89B3, 0x81B3, 0x81D2, 0x79F3, 0x208C, 0x0849,
 0x0027, 0x0047, 0x0048, 0x1049, 0x1048, 0x184B, 0x5931, 0x8172, 0x7972, 0x79B2, 0x79B2, 0x7973, 0x81B3, 0x5170, 0x084A, 0x106A,
 0x20CB, 0x106A, 0x20EC, 0x106A, 0x18AB, 0x188A, 0x188A, 0x20AA, 0x20EA, 0x2889, 0x7990, 0x8191, 0x81D4, 0x79D4, 0x89B4, 0x89B4,
 0x89D5, 0x89F2, 0xD352, 0xE2F0, 0xAA31, 0x89B3, 0x79D4, 0x412F, 0x390D, 0x8A53, 0x91F2, 0x9213, 0x91F3, 0x99F3, 0x9A13, 0x9A13,
 0x91F3, 0x91F3, 0x91D3, 0x91B2, 0xA1F2, 0xDB70, 0xF4B0, 0xF4AF, 0xF4AF, 0xF4D0, 0xF511, 0xF531, 0xF530, 0xF530, 0xF550, 0xF570,
 0xF570, 0xF571, 0xF571, 0xF570, 0xF550, 0xF550, 0xF550, 0xF530, 0xF511, 0xF4D0, 0xE390, 0xB251, 0x91D3, 0x8A14, 0x9214, 0x91F4,
 0x91F3, 0x9213, 0x79F2, 0x79B3, 0x7193, 0x71D2, 0x71D3, 0x8191, 0xB270, 0xB250, 0x91D2, 0x99F2, 0x91D2, 0x81D3, 0x89F4, 0x89B4,
 0x9215, 0x490F, 0x30ED, 0x38CC, 0x188A, 0x28CC, 0x0869, 0x10AA, 0x188A, 0x310B, 0x0869, 0x0869, 0x290A, 0x1068, 0x0827, 0x698F,
 0x89D3, 0x81B3, 0x81B3, 0x89F3, 0x596F, 0x1069, 0x1069, 0x0048, 0x088A, 0x088A, 0x084A, 0x38CC, 0x518F, 0x102A, 0x5110, 0x7151,
 0x7191, 0x412E, 0x494E, 0x7993, 0x7992, 0x5150, 0x004A, 0x188B, 0x598F, 0x188A, 0x396E, 0x188A, 0x28EC, 0x28EB, 0x310C, 0x414D,
 0x498E, 0x2069, 0x79B0, 0x8191, 0x81D3, 0x89B4, 0x89B4, 0x81D3, 0x89D5, 0x89D4, 0xB211, 0xC231, 0x8A31, 0x38ED, 0x104A, 0x0869,
 0x0848, 0x1867, 0x38EB, 0x8233, 0x91D3, 0x91D4, 0x91D3, 0x91D4, 0x89B4, 0x89D4, 0x89B3, 0x8992, 0x8171, 0xB251, 0xDB10, 0xE34D,
 0xEB6C, 0xEB4E, 0xE36F, 0xE38D, 0xE38D, 0xE38D, 0xE3AD, 0xE3CD, 0xEBCD, 0xEBAC, 0xEB8C, 0xEB8C, 0xEB6C, 0xEB6D, 0xEB8E, 0xE38D,
 0xEB6D, 0xD34E, 0xA252, 0x91D5, 0x91F5, 0x89F4, 0x89D3, 0x9A31, 0xAAD1, 0x89F1, 0x79D3, 0x71B3, 0x6993, 0x6191, 0x61B2, 0x69B2,
 0x79D2, 0x89B2, 0x81B3, 0x81B4, 0x81B4, 0x81D5, 0x89D5, 0x91B5, 0x9215, 0x410F, 0x416F, 0x516F, 0x20CB, 0x316E, 0x0829, 0x392D,
 0x28CB, 0x5A10, 0x0869, 0x0869, 0x6A71, 0x1889, 0x0827, 0x6970, 0x89B4, 0x81B3, 0x79B3, 0x89F4, 0x492E, 0x0027, 0x0826, 0x0026,
 0x088C, 0x08AC, 0x088B, 0x188A, 0x184A, 0x186B, 0x184A, 0x1048, 0x1048, 0x0027, 0x0827, 0x592F, 0x81F3, 0x5150, 0x104C, 0x088B,
 0x0849, 0x088A, 0x086A, 0x088B, 0x086A, 0x086A, 0x004A, 0x0849, 0x0829, 0x28CB, 0x79B1, 0x81B2, 0x89D4, 0x81B4, 0x81D4, 0x81D3,
 0x81B4, 0x8995, 0x99F4, 0x9A12, 0x1849, 0x0069, 0x0068, 0x0848, 0x0827, 0x0026, 0x0066, 0x516E, 0x89B2, 0x91D3, 0x91D3, 0x89D4,
 0x89B4, 0x89B3, 0x81B3, 0x81B3, 0x81F3, 0x91B2, 0xB1F1, 0xDAD0, 0xEAEE, 0xEAED, 0xE2ED, 0xEAED, 0xEAED, 0xEB0E, 0xE32D, 0xE32D,
 0xEB0D, 0xEB0C, 0xEB0C, 0xEAED, 0xEAEC, 0xE30D, 0xE2ED, 0xEAEE, 0xE2CF, 0xC291, 0x91F4, 0x89F4, 0x89F3, 0x91D2, 0xA211, 0xBA8F,
 0xC2CF, 0xBA93, 0x8172, 0x79B3, 0x492F, 0x1048, 0x1847, 0x0827, 0x38ED, 0x81D4, 0x79B4, 0x79D5, 0x79B5, 0x5952, 0x69B3, 0x81D4,
 0x89F5, 0x4110, 0x310E, 0x30EC, 0x0049, 0x0849, 0x108A, 0x1069, 0x0849, 0x0828, 0x088A, 0x0869, 0x0827, 0x0848, 0x0828, 0x6970,
 0x89B4, 0x81B3, 0x81B3, 0x91F5, 0x512F, 0x0028, 0x0848, 0x0027, 0x188C, 0x088C, 0x00AB, 0x108A, 0x20AC, 0x108B, 0x088A, 0x0046,
 0x0066, 0x0846, 0x0026, 0x208A, 0x6170, 0x5170, 0x104B, 0x106B, 0x106A, 0x088B, 0x088B, 0x088B, 0x086A, 0x086B, 0x086A, 0x088B,
 0x088B, 0x28CD, 0x7192, 0x7993, 0x89D4, 0x81D4, 0x81B4, 0x89B3, 0x81B4, 0x79B4, 0x81F4, 0x79D2, 0x0849, 0x0069, 0x0069, 0x0049,
 0x0068, 0x0046, 0x0025, 0x308B, 0x7991, 0x89D2, 0x89D3, 0x91D3, 0x8993, 0x8993, 0x81B3, 0x6971, 0x50EE, 0x81B4, 0x91D3, 0xAA31,
 0xCAB0, 0xE30F, 0xEB0E, 0xEAED, 0xEAED, 0xEB0D, 0xEB6D, 0xEB4E, 0xEB4E, 0xEB4D, 0xEB2D, 0xEB0E, 0xEB0E, 0xE30D, 0xE30E, 0xDAD0,
 0xA9F2, 0x9213, 0x91F4, 0x89D3, 0x89B3, 0x91B2, 0xB273, 0xA1F1, 0x91B2, 0x9A12, 0x8172, 0x7973, 0x30CD, 0x0068, 0x0045, 0x0004,
 0x30CB, 0x81F3, 0x79B3, 0x81B4, 0x7194, 0x40F0, 0x4992, 0x79F5, 0x89D5, 0x50F0, 0x20AD, 0x20AB, 0x0869, 0x108A, 0x0889, 0x0869,
 0x0889, 0x1069, 0x086A, 0x0869, 0x1068, 0x0869, 0x0828, 0x6991, 0x81D3, 0x79B3, 0x89B3, 0x91F5, 0x5130, 0x006A, 0x0088, 0x0047,
 0x28ED, 0x106B, 0x088B, 0x18AB, 0x4190, 0x106B, 0x088A, 0x0026, 0x0045, 0x0026, 0x0047, 0x0007, 0x1068, 0x290D, 0x104B, 0x106B,
 0x106A, 0x106A, 0x106A, 0x106A, 0x106A, 0x106A, 0x106A, 0x188B, 0x184B, 0x28CD, 0x6192, 0x71B4, 0x89F5, 0x8994, 0x81B3, 0x79B2,
 0x71B2, 0x71B3, 0x81F3, 0x79D2, 0x084A, 0x0069, 0x0868, 0x1088, 0x0047, 0x1066, 0x0826, 0x38AC, 0x7173, 0x91D4, 0x91D4, 0x89B3,
 0x89B3, 0x89B3, 0x79D3, 0x61D2, 0x410F, 0x71D4, 0x81D4, 0x89D3, 0xA212, 0xBA73, 0xCA50, 0xDACF, 0xEACF, 0xEAED, 0xEB0D, 0xEAEE,
 0xEB0E, 0xEB2E, 0xDB0F, 0xD2D1, 0xD2B0, 0xD28F, 0xCA70, 0xA1F3, 0x89B4, 0x81D3, 0x81D5, 0x81F4, 0x89F4, 0x89D4, 0x81B2, 0x81B2,
 0x79B4, 0x71B3, 0x7993, 0x71D4, 0x312F, 0x0869, 0x0827, 0x0005, 0x30CC, 0x81D4, 0x7993, 0x81D4, 0x7194, 0x4111, 0x5193, 0x81B6,
 0x9196, 0x4910, 0x08AB, 0x208B, 0x208A, 0x088A, 0x0889, 0x30CB, 0x186A, 0x1089, 0x0889, 0x0889, 0x20AA, 0x108A, 0x0849, 0x6992,
 0x89D5, 0x81F4, 0x89F4, 0x9A15, 0x510F, 0x0848, 0x0886, 0x0865, 0x108B, 0x08AB, 0x088A, 0x106A, 0x106A, 0x108C, 0x106A, 0x0045,
 0x0045, 0x0006, 0x10A9, 0x0868, 0x0046, 0x0068, 0x088B, 0x206B, 0x6190, 0x208A, 0x49CF, 0x2069, 0x496E, 0x30EB, 0x392C, 0x412D,
 0x59B0, 0x208C, 0x6173, 0x79B4, 0x89F5, 0x89D3, 0x6170, 0x1048, 0x2069, 0x71D2, 0x81B3, 0x79B3, 0x086A, 0x0029, 0x290B, 0x62B0,
 0x0005, 0x624E, 0x394A, 0x306C, 0x7194, 0x91D5, 0x91B4, 0x89D4, 0x71B2, 0x5990, 0x288B, 0x1869, 0x188A, 0x184B, 0x5991, 0x81D3,
 0x89B4, 0x89B4, 0x8971, 0xB1F1, 0xCA71, 0xDA8F, 0xDAAE, 0xE2AF, 0xE2AE, 0xDACE, 0xCA8F, 0xAA11, 0x9A11, 0xA1D0, 0x99B1, 0x8194,
 0x7994, 0x79B2, 0x71B4, 0x5152, 0x516F, 0x512F, 0x69D2, 0x71D2, 0x7993, 0x7973, 0x81B4, 0x5150, 0x1069, 0x0828, 0x0827, 0x0006,
 0x30CC, 0x81D4, 0x79B3, 0x6192, 0x410F, 0x28CE, 0x38F0, 0x81B7, 0x89D7, 0x4130, 0x08AB, 0x30CC, 0x518F, 0x0849, 0x0869, 0x6A11,
 0x28AB, 0x28AA, 0x0889, 0x0849, 0x7272, 0x20CC, 0x082A, 0x7173, 0x9236, 0x5930, 0x386B, 0x81F2, 0x512D, 0x0004, 0x5A2B, 0x6ACE,
 0x188B, 0x088B, 0x18AB, 0x28CB, 0x108B, 0x10AC, 0x088A, 0x0046, 0x0045, 0x0027, 0x0889, 0x0867, 0x0805, 0x0027, 0x08AB, 0x106B,
 0x186A, 0x106A, 0x108B, 0x106A, 0x1069, 0x106A, 0x1049, 0x106A, 0x0869, 0x28CC, 0x6152, 0x81B4, 0x9255, 0x516F, 0x1048, 0x0026,
 0x0805, 0x38CC, 0x81F4, 0x79D4, 0x104A, 0x0069, 0x0868, 0x1068, 0x0027, 0x1886, 0x0845, 0x38CC, 0x7173, 0x91B3, 0x9193, 0x8A13,
 0x30AB, 0x0026, 0x0025, 0x0024, 0x0004, 0x0026, 0x1048, 0x38EE, 0x8236, 0x89D5, 0x89D4, 0x81F4, 0x99D3, 0xBA31, 0xC250, 0xCA30,
 0xD250, 0xCA6F, 0xC292, 0x99D4, 0x81B4, 0x89F4, 0x81D2, 0x7993, 0x6172, 0x206A, 0x208A, 0x0829, 0x0027, 0x0007, 0x1889, 0x2068,
 0x594F, 0x7994, 0x7974, 0x4950, 0x0869, 0x0868, 0x0047, 0x0026, 0x38CC, 0x81F4, 0x6992, 0x184A, 0x0028, 0x0029, 0x082B, 0x4972,
 0x4931, 0x30EE, 0x08AB, 0x108A, 0x1049, 0x108A, 0x0869, 0x1049, 0x0869, 0x1048, 0x0869, 0x0869, 0x188A, 0x10AB, 0x084B, 0x69B2,
 0x512E, 0x0848, 0x0047, 0x1069, 0x1888, 0x0025, 0x1884, 0x18A5, 0x288A, 0x0869, 0x30EB, 0x51AF, 0x104A, 0x10AB, 0x0889, 0x0026,
 0x0025, 0x0005, 0x0026, 0x0025, 0x0025, 0x0025, 0x08AA, 0x088B, 0x086A, 0x088B, 0x088B, 0x008B, 0x008B, 0x084A, 0x088A, 0x008A,
 0x0068, 0x18AD, 0x4951, 0x40CD, 0x30AA, 0x18A9, 0x0007, 0x0046, 0x0026, 0x1068, 0x61F1, 0x518F, 0x0869, 0x0048, 0x0807, 0x0006,
 0x0046, 0x0003, 0x0003, 0x38AC, 0x7172, 0x91F3, 0x91B4, 0x8233, 0x20CA, 0x0025, 0x18E8, 0x0886, 0x1045, 0x20C8, 0x0827, 0x30CE,
 0x8236, 0x7975, 0x6974, 0x6195, 0x8194, 0x99F3, 0x99F2, 0xA1F2, 0xA1D1, 0x99F2, 0x9A14, 0x7973, 0x6954, 0x6173, 0x6173, 0x6173,
 0x5172, 0x1009, 0x0006, 0x0027, 0x0826, 0x0846, 0x0025, 0x0005, 0x494F, 0x7193, 0x7173, 0x38EE, 0x106A, 0x08A9, 0x0068, 0x0027,
 0x40AD, 0x91F5, 0x48CE, 0x0028, 0x0089, 0x0049, 0x0049, 0x0049, 0x0028, 0x106A, 0x108C, 0x108B, 0x1069, 0x1049, 0x106A, 0x086A,
 0x0069, 0x0028, 0x0869, 0x0869, 0x0049, 0x08AB, 0x088B, 0x188A, 0x1047, 0x0067, 0x0067, 0x0047, 0x0025, 0x0044, 0x0002, 0x0001,
 0x288A, 0x1069, 0x1049, 0x104A, 0x108B, 0x08AB, 0x0889, 0x0026, 0x0825, 0x28C7, 0x20A7, 0x0846, 0x0025, 0x0046, 0x08AA, 0x186A,
 0x30CC, 0x188B, 0x106B, 0x088A, 0x20AB, 0x310D, 0x0849, 0x292C, 0x396C, 0x1049, 0x18AB, 0x0027, 0x0025, 0x0026, 0x0027, 0x0047,
 0x0046, 0x0807, 0x1028, 0x0828, 0x0048, 0x0027, 0x28EA, 0x39AB, 0x0003, 0x51E9, 0x41E9, 0x308B, 0x7152, 0x6150, 0x5110, 0x492F,
 0x1069, 0x0005, 0x522D, 0x3129, 0x28C8, 0x522E, 0x0006, 0x28CD, 0x71D6, 0x6935, 0x5974, 0x5974, 0x6974, 0x7993, 0x7172, 0x79B3,
 0x7992, 0x7172, 0x6973, 0x6173, 0x6193, 0x5993, 0x5174, 0x5174, 0x4952, 0x1049, 0x0005, 0x310B, 0x410A, 0x416B, 0x0805, 0x0826,
 0x492F, 0x71B3, 0x5950, 0x0809, 0x108A, 0x0089, 0x0088, 0x0028, 0x40CE, 0x9215, 0x40CE, 0x0049, 0x0868, 0x0808, 0x0828, 0x0026,
 0x0025, 0x0888, 0x10AB, 0x108A, 0x20AA, 0x310C, 0x0849, 0x18CB, 0x28AA, 0x51AE, 0x0888, 0x1048, 0x61D0, 0x20AB, 0x088A, 0x0006,
 0x0025, 0x0046, 0x0026, 0x0047, 0x0846, 0x0024, 0x41C7, 0x834C, 0x0869, 0x0048, 0x0069, 0x08AB, 0x088B, 0x08AA, 0x0888, 0x0025,
 0x0824, 0x3948, 0x28A7, 0x0846, 0x0026, 0x0047, 0x08AB, 0x186A, 0x496E, 0x20AC, 0x106B, 0x086A, 0x310D, 0x51D0, 0x0007, 0x49AE,
 0x5A2F, 0x0828, 0x08CA, 0x0087, 0x0045, 0x0046, 0x0046, 0x0026, 0x28C9, 0x59AD, 0x1026, 0x0046, 0x0026, 0x0026, 0x18C9, 0x296B,
 0x0024, 0x4988, 0x3988, 0x30CC, 0x6173, 0x286E, 0x208D, 0x18AC, 0x0828, 0x0026, 0x0004, 0x0804, 0x0824, 0x0806, 0x0027, 0x208C,
 0x6175, 0x6134, 0x5993, 0x5973, 0x6153, 0x7193, 0x7193, 0x7193, 0x7193, 0x7173, 0x6973, 0x6994, 0x5953, 0x5973, 0x5173, 0x4953,
 0x4151, 0x1029, 0x0006, 0x0846, 0x1025, 0x0867, 0x0047, 0x0027, 0x510F, 0x6972, 0x390D, 0x0868, 0x0068, 0x0068, 0x0088, 0x0027,
 0x390D, 0x7A34, 0x284C, 0x0849, 0x0847, 0x312B, 0x0826, 0x0024, 0x0004, 0x0867, 0x10AA, 0x108A, 0x286A, 0x390D, 0x0849, 0x28CB,
 0x38CC, 0x518F, 0x0889, 0x1069, 0x48ED, 0x188A, 0x006A, 0x0026, 0x0024, 0x0025, 0x0046, 0x0026, 0x0826, 0x0004, 0x838F, 0x8B8D,
 0x0869, 0x0028, 0x108A, 0x108A, 0x084A, 0x0849, 0x0047, 0x0025, 0x0044, 0x0004, 0x0025, 0x0026, 0x0026, 0x0828, 0x08AC, 0x08AD,
 0x086B, 0x108C, 0x108C, 0x088B, 0x084A, 0x0829, 0x088A, 0x0829, 0x0828, 0x106A, 0x108B, 0x0027, 0x0026, 0x0026, 0x0046, 0x0026,
 0x2088, 0x38EA, 0x0825, 0x0046, 0x0006, 0x0847, 0x0027, 0x0028, 0x0866, 0x0003, 0x0004, 0x1048, 0x106B, 0x188C, 0x208B, 0x10AB,
 0x0847, 0x0026, 0x0004, 0x3129, 0x396A, 0x0007, 0x0027, 0x188B, 0x5153, 0x5152, 0x288D, 0x4110, 0x6173, 0x6172, 0x6972, 0x6972,
 0x6972, 0x6973, 0x6993, 0x6173, 0x5172, 0x4130, 0x186B, 0x188B, 0x394D, 0x0847, 0x0004, 0x3108, 0x518B, 0x0826, 0x0026, 0x0006,
 0x40ED, 0x40CD, 0x0006, 0x0067, 0x0068, 0x0068, 0x0068, 0x0067, 0x1048, 0x206A, 0x0849, 0x0068, 0x0047, 0x1067, 0x0025, 0x0044,
 0x0024, 0x1067, 0x108A, 0x188B, 0x516F, 0x206B, 0x086B, 0x104A, 0x1049, 0x0829, 0x108A, 0x108A, 0x0849, 0x006A, 0x086A, 0x0026,
 0x0044, 0x0044, 0x0045, 0x0046, 0x0046, 0x0825, 0x0865, 0x0002, 0x0047, 0x0847, 0x0847, 0x0047, 0x0047, 0x0047, 0x0066, 0x0025,
 0x0024, 0x0045, 0x0045, 0x0045, 0x0044, 0x0046, 0x08CB, 0x00AC, 0x08AC, 0x088B, 0x086A, 0x0089, 0x0089, 0x0089, 0x0868, 0x00A9,
 0x00A9, 0x088A, 0x108A, 0x0826, 0x0025, 0x0045, 0x0045, 0x0045, 0x0045, 0x0024, 0x0065, 0x0045, 0x0005, 0x0025, 0x0847, 0x1069,
 0x0047, 0x0046, 0x0066, 0x0026, 0x0047, 0x0027, 0x0047, 0x0046, 0x0025, 0x0025, 0x0004, 0x20A7, 0x20C7, 0x0026, 0x0025, 0x1089,
 0x4991, 0x208C, 0x0807, 0x20AB, 0x5172, 0x5953, 0x5953, 0x5952, 0x5152, 0x5152, 0x4952, 0x40F1, 0x4152, 0x20CD, 0x0027, 0x0046,
 0x0867, 0x0005, 0x0004, 0x1866, 0x3087, 0x0026, 0x0026, 0x0027, 0x0808, 0x0808, 0x0047, 0x0047, 0x0047, 0x0047, 0x0067, 0x0067,
 0x0047, 0x0026, 0x0046, 0x0046, 0x0026, 0x0005, 0x0025, 0x0025, 0x0004, 0x0867, 0x08AA, 0x086A, 0x208B, 0x108B, 0x008A, 0x008A,
 0x0089, 0x0889, 0x1069, 0x0869, 0x0089, 0x0049, 0x0849, 0x0025, 0x0023, 0x0024, 0x0044, 0x0066, 0x0066, 0x0065, 0x0044, 0x0044,
 0x1848, 0x2048, 0x2068, 0x2068, 0x2068, 0x1848, 0x2047, 0x1826, 0x2026, 0x2027, 0x1847, 0x1847, 0x2046, 0x2047, 0x208B, 0x206C,
 0x206B, 0x206B, 0x284A, 0x204A, 0x1869, 0x2049, 0x2049, 0x206A, 0x186A, 0x288B, 0x308B, 0x2048, 0x2047, 0x2048, 0x2047, 0x2847,
 0x2067, 0x1867, 0x2046, 0x2846, 0x2046, 0x1846, 0x2047, 0x3049, 0x284A, 0x2049, 0x2868, 0x2849, 0x3049, 0x2848, 0x2067, 0x2046,
 0x2845, 0x2845, 0x2865, 0x2045, 0x1865, 0x2086, 0x2065, 0x3087, 0x40EA, 0x2867, 0x2886, 0x2866, 0x50CB, 0x718F, 0x71AF, 0x71EF,
 0x69EE, 0x69EE, 0x598D, 0x492B, 0x51AD, 0x3989, 0x2945, 0x2925, 0x28E4, 0x20E4, 0x2103, 0x20E3, 0x20C3, 0x2905, 0x20E5, 0x28E6,
 0x30A7, 0x28A6, 0x20A5, 0x28A5, 0x20C5, 0x28C5, 0x28E5, 0x20C5, 0x20C5, 0x20A6, 0x2066, 0x2846, 0x2846, 0x2846, 0x2846, 0x2846,
 0x2846, 0x3068, 0x308A, 0x3089, 0x3068, 0x3089, 0x2089, 0x2088, 0x2889, 0x2889, 0x2889, 0x2869, 0x2849, 0x2849, 0x2849, 0x2847,
 0x2845, 0x2845, 0x2846, 0x2847, 0x2847, 0x2846, 0x2846, 0x2845, 0x616F, 0x618F, 0x698F, 0x69AF, 0x698F, 0x618E, 0x616D, 0x614C,
 0x614D, 0x614D, 0x614D, 0x616D, 0x616D, 0x596D, 0x514E, 0x512D, 0x592C, 0x594D, 0x594D, 0x594D, 0x614D, 0x614D, 0x596D, 0x694E,
 0x694D, 0x696F, 0x71AF, 0x71AE, 0x71AE, 0x71AF, 0x69CE, 0x71AE, 0x71AE, 0x71AE, 0x718E, 0x718E, 0x69AD, 0x698C, 0x698C, 0x71AD,
 0x71AD, 0x79AE, 0x81CF, 0x81CF, 0x89F0, 0x81F0, 0x71AD, 0x79AC, 0x79EC, 0x820C, 0x8A4D, 0x8A6D, 0x8A6D, 0x8A6C, 0x8A4C, 0x8A2C,
 0x822C, 0x826C, 0x8A8C, 0x8A8C, 0x928C, 0x92AB, 0x930B, 0xABEE, 0xA3EC, 0xA40D, 0x9C0D, 0xA42E, 0xA44E, 0xA4AE, 0xA4EE, 0xACCF,
 0xACAE, 0xA4AD, 0x9CAD, 0xA48D, 0xA4AE, 0xAC8F, 0x9BAC, 0x9B8C, 0x9B4D, 0x934D, 0x8B4C, 0x936C, 0x938C, 0x9BAC, 0x9BAC, 0x9BAC,
 0x9B8C, 0x7A8B, 0x7A0B, 0x81EC, 0x81EC, 0x820C, 0x820C, 0x8A0C, 0x89EC, 0x89EC, 0x8A0E, 0x824D, 0x8A4C, 0x8A2D, 0x824D, 0x822D,
 0x820D, 0x820D, 0x81ED, 0x81ED, 0x81EE, 0x81EE, 0x79CE, 0x79CE, 0x79AD, 0x79AC, 0x79AD, 0x79CE, 0x81CE, 0x81CE, 0x81CE, 0x81CE,
 0x1004, 0x1004, 0x1025, 0x1006, 0x1006, 0x1025, 0x1024, 0x0803, 0x1002, 0x1002, 0x0802, 0x0803, 0x0802, 0x0802, 0x0802, 0x0802,
 0x0801, 0x0802, 0x0802, 0x0802, 0x1002, 0x1002, 0x0802, 0x1003, 0x1003, 0x1003, 0x1003, 0x1002, 0x1002, 0x1002, 0x0802, 0x0802,
 0x0802, 0x1002, 0x1002, 0x1002, 0x0802, 0x1002, 0x1001, 0x0802, 0x1001, 0x1002, 0x1003, 0x1803, 0x1803, 0x1004, 0x1003, 0x1002,
 0x1001, 0x0801, 0x1001, 0x1001, 0x1800, 0x1000, 0x1000, 0x1001, 0x1000, 0x1000, 0x1001, 0x1001, 0x1021, 0x1022, 0x1001, 0x1000,
 0x0820, 0x0820, 0x0820, 0x0820, 0x1020, 0x0840, 0x0860, 0x0841, 0x0841, 0x0840, 0x0840, 0x0840, 0x1040, 0x1040, 0x1020, 0x1000,
 0x1021, 0x1001, 0x0800, 0x0820, 0x0820, 0x1020, 0x1020, 0x1020, 0x1000, 0x0800, 0x1000, 0x1001, 0x1001, 0x1001, 0x1002, 0x1001,
 0x1001, 0x1001, 0x1001, 0x0800, 0x0800, 0x1000, 0x1001, 0x1000, 0x1001, 0x1802, 0x1802, 0x1802, 0x1002, 0x1002, 0x1001, 0x0802,
 0x0802, 0x0802, 0x1002, 0x1003, 0x1003, 0x1003, 0x1003, 0x1003, 0x0022, 0x0042, 0x0043, 0x0043, 0x0023, 0x0043, 0x0042, 0x0021,
 0x0000, 0x0000, 0x0000, 0x0000, 0x0000, 0x0000, 0x0000, 0x0000, 0x0000, 0x0001, 0x0001, 0x0001, 0x0001, 0x0001, 0x0021, 0x0001,
 0x0001, 0x0001, 0x0001, 0x0001, 0x0001, 0x0001, 0x0001, 0x0001, 0x0001, 0x0001, 0x0001, 0x0001, 0x0001, 0x0001, 0x0001, 0x0001,
 0x0001, 0x0021, 0x0021, 0x0001, 0x0002, 0x0022, 0x0021, 0x0001, 0x0001, 0x0001, 0x0000, 0x0000, 0x0000, 0x0000, 0x0000, 0x0000,
 0x0000, 0x0000, 0x0021, 0x0022, 0x0021, 0x0021, 0x0001, 0x0000, 0x0000, 0x0020, 0x0020, 0x0020, 0x0000, 0x0001, 0x0021, 0x0022,
 0x0021, 0x0001, 0x0001, 0x0001, 0x0001, 0x0021, 0x0021, 0x0021, 0x0021, 0x0021, 0x0021, 0x0020, 0x0000, 0x0000, 0x0000, 0x0000,
 0x0000, 0x0020, 0x0000, 0x0001, 0x0020, 0x0001, 0x0001, 0x0021, 0x0001, 0x0001, 0x0000, 0x0000, 0x0000, 0x0001, 0x0000, 0x0000,
 0x0000, 0x0002, 0x0001, 0x0021, 0x0002, 0x0001, 0x0001, 0x0001, 0x0000, 0x0001, 0x0001, 0x0021, 0x0022, 0x0022, 0x0022, 0x0022,
 0x0001, 0x0001, 0x0001, 0x0001, 0x0001, 0x0001, 0x0001, 0x0001, 0x0001, 0x0001, 0x0000, 0x0000, 0x0000, 0x0000, 0x0001, 0x0001,
 0x0001, 0x0000, 0x0001, 0x0001, 0x0001, 0x0001, 0x0001, 0x0002, 0x0001, 0x0001, 0x0001, 0x0001, 0x0001, 0x0001, 0x0001, 0x0001,
 0x0001, 0x0001, 0x0001, 0x0001, 0x0001, 0x0001, 0x0001, 0x0021, 0x0001, 0x0001, 0x0001, 0x0002, 0x0002, 0x0002, 0x0021, 0x0002,
 0x0003, 0x0001, 0x0000, 0x0000, 0x0001, 0x0000, 0x0000, 0x0000, 0x0000, 0x0000, 0x0001, 0x0001, 0x0001, 0x0801, 0x0020, 0x0000,
 0x0000, 0x0001, 0x0000, 0x0000, 0x0000, 0x0000, 0x0001, 0x0001, 0x0001, 0x0001, 0x0001, 0x0001, 0x0001, 0x0000, 0x0001, 0x0002,
 0x0001, 0x0000, 0x0001, 0x0002, 0x0001, 0x0000, 0x0000, 0x0000, 0x0000, 0x0000, 0x0001, 0x0000, 0x0000, 0x0000, 0x0000, 0x0001,
 0x0001, 0x0001, 0x0000, 0x0000, 0x0000, 0x0000, 0x0001, 0x0001, 0x0001, 0x0002, 0x0001, 0x0002, 0x0002, 0x0001, 0x0001, 0x0001,
 0x0001, 0x0000, 0x0000, 0x0000, 0x0000, 0x0001, 0x0001, 0x0001, 0x0846, 0x0024, 0x0002, 0x0001, 0x0000, 0x0001, 0x0002, 0x0023,
 0x0024, 0x0024, 0x0044, 0x0024, 0x0024, 0x0024, 0x0825, 0x0846, 0x10A8, 0x0846, 0x0025, 0x0046, 0x0866, 0x0867, 0x0867, 0x0847,
 0x1067, 0x2109, 0x0825, 0x0845, 0x0025, 0x0025, 0x0025, 0x0845, 0x0845, 0x0845, 0x0025, 0x0024, 0x0024, 0x0024, 0x0025, 0x0025,
 0x0005, 0x1047, 0x1068, 0x1868, 0x18A9, 0x0847, 0x0025, 0x0045, 0x0025, 0x0025, 0x0824, 0x0003, 0x0003, 0x0024, 0x0003, 0x0024,
 0x0846, 0x20A9, 0x30EB, 0x30AB, 0x38CC, 0x28AA, 0x0002, 0x0000, 0x0802, 0x38CB, 0x40CA, 0x38C9, 0x310A, 0x310A, 0x1868, 0x1889,
 0x10A9, 0x0868, 0x0026, 0x0045, 0x1045, 0x494B, 0x2068, 0x0889, 0x0869, 0x1068, 0x1087, 0x0867, 0x0025, 0x0044, 0x0024, 0x0023,
 0x0023, 0x0024, 0x0024, 0x0044, 0x0045, 0x0845, 0x0045, 0x0045, 0x0825, 0x0045, 0x0045, 0x0065, 0x0065, 0x0864, 0x0003, 0x0044,
 0x0046, 0x0868, 0x0067, 0x0067, 0x0047, 0x0045, 0x0045, 0x0025, 0x0024, 0x0025, 0x0024, 0x0024, 0x0023, 0x0001, 0x0000, 0x0000,
 0x1089, 0x1088, 0x0823, 0x0000, 0x0000, 0x0001, 0x0023, 0x0866, 0x1068, 0x1048, 0x0027, 0x0068, 0x0068, 0x0047, 0x0848, 0x10AA,
 0x10CB, 0x088A, 0x0869, 0x0889, 0x088A, 0x08AA, 0x08AA, 0x088A, 0x106A, 0x108A, 0x0848, 0x0868, 0x0868, 0x0067, 0x0067, 0x0825,
 0x0846, 0x0846, 0x0026, 0x0845, 0x0005, 0x0046, 0x0047, 0x0028, 0x108A, 0x106B, 0x312E, 0x394F, 0x18AC, 0x108A, 0x0026, 0x1086,
 0x2908, 0x18A7, 0x0847, 0x1046, 0x20C6, 0x0045, 0x0046, 0x0067, 0x10AA, 0x312F, 0x4952, 0x5953, 0x6153, 0x4910, 0x0805, 0x0001,
 0x1025, 0x5991, 0x6172, 0x5151, 0x310F, 0x310F, 0x20CE, 0x20EE, 0x18EE, 0x108B, 0x004A, 0x0048, 0x208A, 0x7AB4, 0x390E, 0x10CD,
 0x088C, 0x108B, 0x18EC, 0x08AA, 0x0048, 0x0868, 0x0867, 0x0046, 0x0047, 0x0847, 0x0047, 0x0068, 0x0869, 0x086A, 0x0089, 0x0068,
 0x0827, 0x0868, 0x0088, 0x0087, 0x1887, 0x6A6E, 0x412A, 0x18A8, 0x0028, 0x10CC, 0x08AA, 0x0889, 0x0889, 0x0066, 0x0004, 0x0844,
 0x0864, 0x0846, 0x0047, 0x0047, 0x0025, 0x0002, 0x0000, 0x0000, 0x10A9, 0x0047, 0x0023, 0x0000, 0x0000, 0x0001, 0x0825, 0x0027,
 0x292D, 0x416D, 0x20AA, 0x108A, 0x008A, 0x0068, 0x0048, 0x0889, 0x088A, 0x0889, 0x0889, 0x0088, 0x0888, 0x0068, 0x0067, 0x0089,
 0x0849, 0x0028, 0x0047, 0x0067, 0x0067, 0x0067, 0x0024, 0x524B, 0x3987, 0x7B91, 0x2927, 0x1863, 0x9C32, 0x2927, 0x0004, 0x0047,
 0x10AA, 0x108B, 0x108B, 0x186B, 0x108A, 0x0889, 0x0004, 0x4148, 0x9330, 0x59EC, 0x0026, 0x20C8, 0x728E, 0x0805, 0x0046, 0x0887,
 0x108A, 0x188C, 0x184D, 0x28AF, 0x4952, 0x38EF, 0x0805, 0x0022, 0x0845, 0x312F, 0x206E, 0x208E, 0x188D, 0x188D, 0x18AE, 0x18CD,
 0x18EC, 0x0869, 0x0048, 0x0028, 0x20EC, 0x20AC, 0x188C, 0x10AB, 0x0028, 0x0048, 0x10AB, 0x086A, 0x0049, 0x0027, 0x0004, 0x0847,
 0x0007, 0x0004, 0x0868, 0x0049, 0x0006, 0x0828, 0x008A, 0x0068, 0x0048, 0x0848, 0x0087, 0x0046, 0x28A7, 0x598A, 0x724E, 0x30E9,
 0x0808, 0x18AB, 0x0848, 0x0027, 0x0005, 0x41EB, 0x4A0B, 0x4A09, 0x83CF, 0x0003, 0x0047, 0x0047, 0x0045, 0x0002, 0x0021, 0x0000,
 0x0867, 0x0046, 0x0003, 0x0000, 0x0000, 0x1023, 0x20A8, 0x0048, 0x0829, 0x59D0, 0x6A72, 0x104A, 0x088B, 0x0069, 0x0047, 0x0047,
 0x0869, 0x0869, 0x0047, 0x0047, 0x0867, 0x0046, 0x0046, 0x0046, 0x0048, 0x0047, 0x0026, 0x0067, 0x0068, 0x0048, 0x0026, 0x3108,
 0x18C5, 0x41CB, 0x18A6, 0x1044, 0x5A0C, 0x1086, 0x0026, 0x0047, 0x0869, 0x086A, 0x106B, 0x106A, 0x1089, 0x0867, 0x0025, 0x0845,
 0x0825, 0x0846, 0x0867, 0x0047, 0x0846, 0x0847, 0x0047, 0x0067, 0x0069, 0x10AC, 0x108D, 0x106C, 0x290E, 0x18AC, 0x0826, 0x0004,
 0x0025, 0x18CC, 0x18AE, 0x18AE, 0x18AE, 0x18AE, 0x18CE, 0x18CD, 0x0849, 0x0047, 0x0046, 0x0867, 0x108A, 0x10AC, 0x108B, 0x0869,
 0x0048, 0x0048, 0x088A, 0x0889, 0x0008, 0x2928, 0x83F0, 0x1026, 0x3149, 0x736D, 0x20EA, 0x0007, 0x628C, 0x3109, 0x0028, 0x0068,
 0x0048, 0x0868, 0x0868, 0x0047, 0x0025, 0x0004, 0x0026, 0x0048, 0x0849, 0x10AB, 0x0848, 0x0047, 0x0026, 0x2929, 0x2948, 0x20A6,
 0x2927, 0x0046, 0x0048, 0x0048, 0x0847, 0x1066, 0x0002, 0x0001, 0x0025, 0x0046, 0x0002, 0x0000, 0x0000, 0x1024, 0x2089, 0x0027,
 0x0869, 0x28CA, 0x1848, 0x1049, 0x088B, 0x0869, 0x0047, 0x0047, 0x0047, 0x0047, 0x0046, 0x0046, 0x0025, 0x0045, 0x0045, 0x0025,
 0x0026, 0x0026, 0x0045, 0x0047, 0x0047, 0x0048, 0x0047, 0x0005, 0x0025, 0x0005, 0x0026, 0x0046, 0x0005, 0x0047, 0x0047, 0x0047,
 0x0027, 0x0068, 0x0889, 0x0888, 0x0867, 0x0046, 0x0045, 0x0025, 0x0026, 0x0047, 0x0047, 0x0026, 0x0026, 0x0047, 0x0067, 0x0047,
 0x0068, 0x10AB, 0x108B, 0x108B, 0x088A, 0x088A, 0x0026, 0x0005, 0x0026, 0x18AC, 0x18CE, 0x18CE, 0x18AE, 0x18AD, 0x18CD, 0x18AB,
 0x0027, 0x0046, 0x0045, 0x0065, 0x0847, 0x1089, 0x0869, 0x0847, 0x0067, 0x0848, 0x0868, 0x0869, 0x0009, 0x2128, 0x9492, 0x1046,
 0x39AA, 0x7BCF, 0x0006, 0x0826, 0x93D1, 0x41A9, 0x0005, 0x0847, 0x0847, 0x0068, 0x0047, 0x0827, 0x0026, 0x0066, 0x0088, 0x0049,
 0x0048, 0x0048, 0x0048, 0x0047, 0x0026, 0x0005, 0x0004, 0x0026, 0x0046, 0x0068, 0x0068, 0x0047, 0x0847, 0x28A8, 0x0802, 0x0001,
 0x0045, 0x0045, 0x0002, 0x0000, 0x0001, 0x1024, 0x286A, 0x0026, 0x0046, 0x0046, 0x0005, 0x0027, 0x0869, 0x0868, 0x0047, 0x0046,
 0x0046, 0x0046, 0x0046, 0x0046, 0x0045, 0x0045, 0x0045, 0x0005, 0x394A, 0x626E, 0x0004, 0x1067, 0x18A7, 0x0027, 0x0027, 0x0026,
 0x0046, 0x0026, 0x0027, 0x0027, 0x0005, 0x0026, 0x0047, 0x0047, 0x0047, 0x0026, 0x0046, 0x0046, 0x0025, 0x0025, 0x0025, 0x0026,
 0x0047, 0x18EA, 0x0888, 0x1087, 0x2909, 0x0025, 0x0047, 0x0047, 0x0847, 0x10A9, 0x108A, 0x108B, 0x086A, 0x088A, 0x0046, 0x0025,
 0x0046, 0x10AC, 0x086C, 0x18AD, 0x18CE, 0x20CE, 0x18CD, 0x108A, 0x0047, 0x0046, 0x0045, 0x0045, 0x0025, 0x0046, 0x0846, 0x0866,
 0x0046, 0x0026, 0x0047, 0x0068, 0x0869, 0x0028, 0x0006, 0x0048, 0x0028, 0x0007, 0x0068, 0x0047, 0x0006, 0x0026, 0x0846, 0x0847,
 0x0848, 0x0048, 0x0047, 0x0046, 0x0826, 0x0006, 0x0027, 0x0048, 0x0048, 0x0048, 0x0048, 0x0047, 0x0025, 0x1025, 0x0825, 0x0825,
 0x0845, 0x0067, 0x0047, 0x0046, 0x0828, 0x2889, 0x0002, 0x0000, 0x0025, 0x0025, 0x0003, 0x0001, 0x0001, 0x1024, 0x288A, 0x0026,
 0x0046, 0x0045, 0x0045, 0x0047, 0x0047, 0x0067, 0x0046, 0x0046, 0x0046, 0x0046, 0x0046, 0x0046, 0x0045, 0x0045, 0x0046, 0x0026,
 0x1068, 0x20A7, 0x0004, 0x39AC, 0x7B31, 0x0006, 0x1069, 0x20E9, 0x0025, 0x28C9, 0x0026, 0x0806, 0x620E, 0x1867, 0x0806, 0x0047,
 0x0046, 0x0026, 0x0026, 0x0026, 0x0026, 0x0046, 0x0046, 0x0846, 0x0827, 0x1068, 0x0847, 0x290A, 0x526E, 0x0004, 0x0066, 0x0026,
 0x0047, 0x0888, 0x0048, 0x0849, 0x088A, 0x086A, 0x0047, 0x0026, 0x0047, 0x086B, 0x086C, 0x108C, 0x18AD, 0x108C, 0x18AB, 0x0848,
 0x0047, 0x0046, 0x0045, 0x0045, 0x0025, 0x0025, 0x0025, 0x0025, 0x0025, 0x0025, 0x0025, 0x0067, 0x0067, 0x0848, 0x0869, 0x0067,
 0x0049, 0x086A, 0x0068, 0x0067, 0x0067, 0x0847, 0x0847, 0x0068, 0x0068, 0x0827, 0x0046, 0x0066, 0x0005, 0x518D, 0x414C, 0x0006,
 0x0847, 0x0027, 0x0847, 0x0086, 0x0023, 0x728E, 0x3907, 0x4948, 0x6A6D, 0x0004, 0x0066, 0x0026, 0x1027, 0x3089, 0x0002, 0x0001,
 0x0026, 0x0026, 0x0003, 0x0001, 0x0001, 0x1024, 0x286A, 0x0026, 0x0046, 0x0046, 0x0045, 0x0025, 0x0046, 0x0045, 0x0066, 0x0046,
 0x0046, 0x0046, 0x0046, 0x0046, 0x0046, 0x0046, 0x0027, 0x1069, 0x084A, 0x0029, 0x0028, 0x0868, 0x1887, 0x0827, 0x1068, 0x10A9,
 0x0825, 0x2087, 0x0046, 0x0025, 0x418B, 0x1066, 0x0046, 0x0046, 0x0046, 0x0046, 0x0026, 0x0046, 0x0046, 0x0046, 0x0046, 0x0005,
 0x0046, 0x0006, 0x0066, 0x0025, 0x0003, 0x0045, 0x0045, 0x0025, 0x0046, 0x0047, 0x0047, 0x0889, 0x088A, 0x088B, 0x0048, 0x0026,
 0x0027, 0x084A, 0x108C, 0x108B, 0x108B, 0x0029, 0x10A9, 0x0867, 0x0046, 0x0046, 0x0045, 0x0045, 0x0024, 0x0045, 0x0045, 0x0045,
 0x0045, 0x0045, 0x0826, 0x0049, 0x0069, 0x0806, 0x0006, 0x0068, 0x0027, 0x0007, 0x0027, 0x0027, 0x0067, 0x0006, 0x0046, 0x0068,
 0x0068, 0x0046, 0x0046, 0x0066, 0x0026, 0x28C9, 0x20A8, 0x0026, 0x0046, 0x0026, 0x0827, 0x0067, 0x0046, 0x28C8, 0x1066, 0x18A6,
 0x20E7, 0x0026, 0x0047, 0x0026, 0x1028, 0x3089, 0x0803, 0x0001, 0x0026, 0x0847, 0x0024, 0x0001, 0x0001, 0x1024, 0x2869, 0x0025,
 0x0045, 0x0046, 0x0025, 0x1066, 0x0845, 0x0045, 0x0045, 0x0046, 0x0046, 0x0046, 0x0046, 0x0046, 0x0046, 0x0026, 0x0869, 0x18CC,
 0x188C, 0x18AB, 0x0827, 0x0026, 0x0005, 0x0027, 0x0005, 0x0007, 0x0847, 0x0005, 0x0027, 0x0026, 0x0003, 0x0046, 0x0047, 0x0046,
 0x0046, 0x0046, 0x0046, 0x0046, 0x0046, 0x0046, 0x1046, 0x49CC, 0x1046, 0x520E, 0x1887, 0x1846, 0x3129, 0x0024, 0x0045, 0x0045,
 0x0066, 0x0066, 0x0047, 0x0867, 0x0889, 0x088A, 0x0047, 0x0026, 0x0046, 0x0869, 0x088A, 0x088A, 0x108A, 0x0868, 0x0047, 0x0866,
 0x0046, 0x0046, 0x0046, 0x0045, 0x0025, 0x0025, 0x0025, 0x0045, 0x0045, 0x0045, 0x0845, 0x0868, 0x0028, 0x39A9, 0x6B2E, 0x0004,
 0x2949, 0x6AAE, 0x30EA, 0x1888, 0x0026, 0x6A50, 0x30C9, 0x0807, 0x0068, 0x0067, 0x0046, 0x0047, 0x0047, 0x0046, 0x0045, 0x0025,
 0x0046, 0x0046, 0x0047, 0x0047, 0x0047, 0x0047, 0x0026, 0x0005, 0x0025, 0x0047, 0x0026, 0x0026, 0x0827, 0x28A9, 0x0002, 0x0001,
 0x0867, 0x1088, 0x0023, 0x0001, 0x0001, 0x1024, 0x2869, 0x0025, 0x0046, 0x0046, 0x0025, 0x316A, 0x1086, 0x0025, 0x0046, 0x0046,
 0x0046, 0x0047, 0x0046, 0x0046, 0x0066, 0x0027, 0x106A, 0x18CD, 0x10AC, 0x18AB, 0x0027, 0x10A8, 0x3949, 0x0846, 0x39AC, 0x0867,
 0x0046, 0x3109, 0x0846, 0x1066, 0x4129, 0x1866, 0x0026, 0x0046, 0x0046, 0x0046, 0x0046, 0x0046, 0x0046, 0x0046, 0x1046, 0x396B,
 0x1026, 0x418B, 0x1066, 0x1886, 0x398A, 0x0024, 0x0045, 0x0045, 0x0045, 0x0045, 0x0046, 0x0046, 0x0046, 0x0047, 0x0026, 0x0025,
 0x0025, 0x0047, 0x0048, 0x0048, 0x0048, 0x0047, 0x0047, 0x0046, 0x0046, 0x0045, 0x0045, 0x0045, 0x0045, 0x0045, 0x0045, 0x0045,
 0x0045, 0x0045, 0x0025, 0x0067, 0x0048, 0x20E8, 0x41CA, 0x0006, 0x20A9, 0x418B, 0x1888, 0x0868, 0x0047, 0x394C, 0x1889, 0x0848,
 0x0068, 0x0047, 0x0047, 0x0827, 0x0827, 0x0046, 0x0066, 0x0846, 0x0846, 0x0046, 0x0066, 0x0026, 0x0826, 0x0066, 0x20A7, 0x38E7,
 0x20A5, 0x0044, 0x0065, 0x0025, 0x0827, 0x30A9, 0x0003, 0x0001, 0x0026, 0x0026, 0x0003, 0x0001, 0x0000, 0x1024, 0x2889, 0x0025,
 0x0046, 0x0046, 0x0046, 0x0025, 0x0025, 0x0026, 0x0047, 0x0046, 0x0847, 0x0868, 0x0047, 0x0046, 0x0046, 0x0046, 0x106A, 0x18CD,
 0x10AE, 0x18AB, 0x0007, 0x2949, 0x7AEE, 0x1864, 0x8370, 0x1886, 0x1025, 0x724E, 0x0845, 0x3128, 0xA351, 0x4129, 0x0005, 0x0067,
 0x0046, 0x0046, 0x0045, 0x0046, 0x0046, 0x0046, 0x0046, 0x0005, 0x0045, 0x0004, 0x0045, 0x0025, 0x0004, 0x0046, 0x0045, 0x0045,
 0x0045, 0x0045, 0x0046, 0x0046, 0x0046, 0x0046, 0x0046, 0x0025, 0x0024, 0x0046, 0x0047, 0x0047, 0x0867, 0x0867, 0x0047, 0x0047,
 0x0066, 0x0045, 0x0045, 0x0045, 0x0045, 0x0045, 0x0045, 0x0045, 0x0045, 0x0045, 0x0026, 0x0047, 0x0867, 0x0026, 0x0005, 0x0046,
 0x0007, 0x0007, 0x0067, 0x0068, 0x0849, 0x0027, 0x0089, 0x0089, 0x0069, 0x0847, 0x0046, 0x0046, 0x0046, 0x0046, 0x0046, 0x0046,
 0x0046, 0x0046, 0x0066, 0x0046, 0x0846, 0x0024, 0x3949, 0x724D, 0x49AA, 0x0024, 0x0065, 0x0025, 0x1027, 0x30A9, 0x0003, 0x0001,
 0x0046, 0x0046, 0x0023, 0x0001, 0x0000, 0x1023, 0x2889, 0x0025, 0x0046, 0x0066, 0x0046, 0x0046, 0x0046, 0x0026, 0x0868, 0x0847,
 0x0027, 0x0868, 0x0868, 0x0046, 0x0046, 0x0026, 0x108A, 0x18CD, 0x18AE, 0x18AD, 0x0848, 0x0026, 0x0004, 0x0845, 0x0004, 0x0046,
 0x0846, 0x0805, 0x0046, 0x0046, 0x0825, 0x0046, 0x0067, 0x0046, 0x0046, 0x0045, 0x0045, 0x0045, 0x0046, 0x0046, 0x0046, 0x0046,
 0x0026, 0x0026, 0x0026, 0x0046, 0x0046, 0x0046, 0x0046, 0x0045, 0x0045, 0x0046, 0x0045, 0x0045, 0x0045, 0x0046, 0x0046, 0x0045,
 0x0024, 0x0046, 0x0047, 0x0046, 0x0067, 0x0867, 0x0047, 0x0047, 0x0046, 0x0045, 0x0045, 0x0045, 0x0045, 0x0045, 0x0045, 0x0045,
 0x0045, 0x0045, 0x0025, 0x0847, 0x0846, 0x0004, 0x0003, 0x0045, 0x0046, 0x0068, 0x0068, 0x0069, 0x0849, 0x0869, 0x0029, 0x0829,
 0x008A, 0x0067, 0x0047, 0x0046, 0x0045, 0x0046, 0x0026, 0x0046, 0x0046, 0x0045, 0x0046, 0x0046, 0x0047, 0x0047, 0x0045, 0x0825,
 0x0025, 0x0046, 0x0026, 0x0025, 0x0827, 0x30A9, 0x0803, 0x0001, 0x0046, 0x0046, 0x0023, 0x0001, 0x0001, 0x1024, 0x2869, 0x0025,
 0x0065, 0x0046, 0x0046, 0x0046, 0x0046, 0x0046, 0x0868, 0x0848, 0x0848, 0x0047, 0x0847, 0x0047, 0x0046, 0x0047, 0x10AB, 0x18AD,
 0x18AD, 0x18AC, 0x0848, 0x0847, 0x0867, 0x0847, 0x0867, 0x0047, 0x0046, 0x0046, 0x0046, 0x0046, 0x0046, 0x0046, 0x0047, 0x0047,
 0x0046, 0x0046, 0x0045, 0x0045, 0x0045, 0x0026, 0x0026, 0x0867, 0x0847, 0x0848, 0x0048, 0x0848, 0x0868, 0x0047, 0x0046, 0x0046,
 0x0046, 0x0046, 0x0046, 0x0045, 0x0045, 0x0045, 0x0045, 0x0025, 0x0024, 0x0046, 0x0046, 0x0047, 0x0046, 0x0047, 0x0047, 0x0047,
 0x0046, 0x0046, 0x0045, 0x0045, 0x0045, 0x0045, 0x0045, 0x0045, 0x0045, 0x0045, 0x0025, 0x0867, 0x0005, 0x49E8, 0x8BEE, 0x0005,
 0x0867, 0x1088, 0x0848, 0x0849, 0x0089, 0x0829, 0x59D0, 0x390D, 0x0048, 0x0048, 0x106A, 0x0849, 0x0027, 0x0046, 0x0046, 0x0047,
 0x0046, 0x0046, 0x0046, 0x0046, 0x0046, 0x0046, 0x0046, 0x0047, 0x0066, 0x0046, 0x0066, 0x0046, 0x0827, 0x30A9, 0x0002, 0x0001,
 0x0046, 0x0026, 0x0023, 0x0001, 0x0001, 0x1024, 0x286A, 0x0025, 0x0066, 0x0046, 0x0046, 0x0046, 0x0046, 0x0047, 0x0088, 0x0069,
 0x0069, 0x0848, 0x0047, 0x0047, 0x0047, 0x0048, 0x10AB, 0x18AD, 0x18AD, 0x10CC, 0x0048, 0x0047, 0x0047, 0x0047, 0x0047, 0x0047,
 0x0047, 0x0047, 0x0046, 0x0026, 0x0046, 0x0046, 0x0026, 0x0846, 0x0826, 0x0025, 0x0025, 0x0025, 0x0826, 0x0027, 0x0068, 0x08CA,
 0x10CA, 0x08AB, 0x08AB, 0x08AB, 0x08AA, 0x0868, 0x0026, 0x0046, 0x0046, 0x0026, 0x0026, 0x0025, 0x0046, 0x0046, 0x0045, 0x0025,
 0x0025, 0x0046, 0x0047, 0x0047, 0x0047, 0x0047, 0x0847, 0x0867, 0x0047, 0x0046, 0x0046, 0x0046, 0x0046, 0x0046, 0x0045, 0x0045,
 0x0045, 0x0045, 0x0025, 0x0867, 0x0025, 0x41C9, 0x6B2C, 0x0005, 0x0868, 0x0868, 0x0849, 0x1069, 0x088A, 0x0849, 0x498F, 0x310D,
 0x0048, 0x0048, 0x088A, 0x10AB, 0x0868, 0x0046, 0x0046, 0x0047, 0x0047, 0x0046, 0x0046, 0x0046, 0x0046, 0x0046, 0x0046, 0x0046,
 0x0046, 0x0046, 0x0046, 0x0046, 0x1028, 0x38A9, 0x0003, 0x0002, 0x0026, 0x0046, 0x0023, 0x0001, 0x0001, 0x1024, 0x286A, 0x0026,
 0x0066, 0x0046, 0x0026, 0x0846, 0x0046, 0x0047, 0x0889, 0x088A, 0x086A, 0x088A, 0x0869, 0x0068, 0x0068, 0x0868, 0x10AB, 0x18AD,
 0x18AD, 0x18AC, 0x0849, 0x0848, 0x0869, 0x0849, 0x0069, 0x0068, 0x0048, 0x0048, 0x0048, 0x0868, 0x0047, 0x0047, 0x0047, 0x0867,
 0x0046, 0x0046, 0x0046, 0x0047, 0x0867, 0x0868, 0x10AB, 0x10AB, 0x10AB, 0x10AC, 0x10AC, 0x10AC, 0x10AB, 0x10AA, 0x0067, 0x0046,
 0x0046, 0x0046, 0x0047, 0x0046, 0x0047, 0x0047, 0x0046, 0x0045, 0x0045, 0x0066, 0x0047, 0x0047, 0x0047, 0x0047, 0x0868, 0x0867,
 0x0047, 0x0046, 0x0046, 0x0046, 0x0046, 0x0046, 0x0046, 0x0045, 0x0045, 0x0045, 0x0025, 0x0047, 0x0867, 0x0006, 0x0004, 0x0868,
 0x0048, 0x0068, 0x0869, 0x1049, 0x088A, 0x088A, 0x0829, 0x0829, 0x0068, 0x0048, 0x10AA, 0x108B, 0x0869, 0x0047, 0x0047, 0x0047,
 0x0047, 0x0046, 0x0046, 0x0067, 0x0067, 0x0047, 0x0046, 0x0047, 0x0047, 0x0047, 0x0047, 0x0046, 0x1048, 0x38A9, 0x0003, 0x0002,
 0x0046, 0x0046, 0x0023, 0x0001, 0x0001, 0x1024, 0x288A, 0x0026, 0x0067, 0x0067, 0x0847, 0x0847, 0x0847, 0x0848, 0x106A, 0x108A,
 0x106B, 0x088A, 0x088A, 0x0889, 0x0068, 0x0868, 0x18AB, 0x18AD, 0x208D, 0x188C, 0x188B, 0x188A, 0x20CC, 0x18AB, 0x108B, 0x10AB,
 0x10AB, 0x10AB, 0x108A, 0x108A, 0x106A, 0x106A, 0x108A, 0x08A9, 0x0047, 0x0047, 0x0868, 0x0869, 0x0889, 0x10AA, 0x108B, 0x108C,
 0x108C, 0x108C, 0x108B, 0x10AB, 0x108B, 0x10AA, 0x0868, 0x0868, 0x0868, 0x0868, 0x0868, 0x0868, 0x0868, 0x0067, 0x0867, 0x0045,
 0x0045, 0x0046, 0x0867, 0x0867, 0x0067, 0x0067, 0x0067, 0x0868, 0x0067, 0x0067, 0x0067, 0x0867, 0x0067, 0x0866, 0x0046, 0x0046,
 0x0046, 0x0045, 0x0025, 0x0867, 0x0867, 0x0068, 0x0087, 0x0067, 0x0067, 0x0088, 0x0068, 0x1049, 0x0869, 0x0089, 0x0869, 0x0868,
 0x0048, 0x0848, 0x10AB, 0x108C, 0x086A, 0x0828, 0x0848, 0x0848, 0x0847, 0x0047, 0x0067, 0x0067, 0x0067, 0x0067, 0x0067, 0x0068,
 0x0868, 0x0868, 0x0068, 0x0067, 0x1049, 0x38C9, 0x0002, 0x0002, 0x0046, 0x0067, 0x0044, 0x0001, 0x0001, 0x1024, 0x288B, 0x0868,
 0x0868, 0x0069, 0x0088, 0x0889, 0x0889, 0x108A, 0x108A, 0x088B, 0x088B, 0x088B, 0x088B, 0x0889, 0x0048, 0x0868, 0x18AB, 0x18AD,
 0x18AD, 0x18AC, 0x10AB, 0x10AB, 0x10AB, 0x108B, 0x10AB, 0x10AB, 0x108B, 0x108B, 0x108B, 0x108B, 0x108B, 0x108B, 0x108B, 0x10AA,
 0x0048, 0x0048, 0x108A, 0x086A, 0x086B, 0x108B, 0x10AB, 0x10AB, 0x10AB, 0x10AB, 0x10AB, 0x10AB, 0x10AB, 0x10AA, 0x0869, 0x0869,
 0x0868, 0x0869, 0x0869, 0x0868, 0x0868, 0x0868, 0x0867, 0x0046, 0x0046, 0x0046, 0x0047, 0x0847, 0x0067, 0x0868, 0x0868, 0x0868,
 0x0868, 0x0867, 0x0868, 0x0868, 0x0867, 0x0867, 0x0047, 0x0047, 0x0047, 0x0047, 0x0067, 0x0868, 0x0868, 0x0089, 0x006A, 0x0869,
 0x0868, 0x0069, 0x0869, 0x1069, 0x0869, 0x0069, 0x0889, 0x0868, 0x0868, 0x0048, 0x10AB, 0x10AC, 0x088B, 0x0889, 0x0889, 0x088A,
 0x0889, 0x0868, 0x0868, 0x0869, 0x0889, 0x0869, 0x0889, 0x0889, 0x0889, 0x086A, 0x088A, 0x0889, 0x186A, 0x30CA, 0x0002, 0x0021,
 0x0048, 0x0868, 0x0044, 0x0001, 0x0001, 0x1025, 0x308B, 0x0869, 0x108A, 0x088A, 0x088A, 0x088A, 0x088A, 0x10AB, 0x088B, 0x088B,
 0x088B, 0x086B, 0x088B, 0x0889, 0x0048, 0x0848, 0x18AB, 0x188D, 0x10AC, 0x10CC, 0x10AB, 0x108B, 0x108B, 0x108B, 0x108A, 0x108B,
 0x088B, 0x088B, 0x088B, 0x088B, 0x088B, 0x08AB, 0x088B, 0x108B, 0x0028, 0x0048, 0x108A, 0x088B, 0x10AC, 0x10AB, 0x10AB, 0x10AB,
 0x088B, 0x088B, 0x10AB, 0x08AB, 0x08AB, 0x08AB, 0x088A, 0x088A, 0x0889, 0x088A, 0x088A, 0x088A, 0x0889, 0x1069, 0x0848, 0x0047,
 0x0047, 0x0868, 0x0889, 0x0889, 0x0889, 0x0889, 0x0869, 0x0869, 0x0889, 0x0889, 0x0889, 0x0889, 0x0889, 0x0889, 0x0889, 0x0889,
 0x0889, 0x0889, 0x08A9, 0x086A, 0x1069, 0x08A9, 0x088A, 0x106A, 0x0869, 0x0869, 0x0869, 0x0869, 0x0869, 0x0869, 0x0869, 0x0869,
 0x0849, 0x0869, 0x108B, 0x106C, 0x108B, 0x08AA, 0x08AA, 0x088B, 0x088B, 0x088A, 0x108A, 0x106A, 0x108A, 0x108A, 0x108A, 0x108A,
 0x108A, 0x108B, 0x108B, 0x108A, 0x186B, 0x38CB, 0x0003, 0x0002, 0x086A, 0x088A, 0x0045, 0x0001, 0x0002, 0x1025, 0x306C, 0x104A,
 0x184A, 0x184B, 0x204B, 0x208C, 0x288C, 0x208C, 0x106B, 0x108B, 0x088B, 0x108B, 0x108B, 0x108A, 0x0869, 0x0869, 0x18AC, 0x18AD,
 0x20AD, 0x188C, 0x186B, 0x188B, 0x208B, 0x286B, 0x288B, 0x288B, 0x288B, 0x288B, 0x206B, 0x208B, 0x208C, 0x208C, 0x208C, 0x208B,
 0x1849, 0x1848, 0x208A, 0x186B, 0x208C, 0x20AC, 0x20AD, 0x208D, 0x208D, 0x208C, 0x208C, 0x208C, 0x20AC, 0x20AD, 0x208C, 0x208B,
 0x20AB, 0x208C, 0x208B, 0x208B, 0x188B, 0x188B, 0x188A, 0x0869, 0x1069, 0x108A, 0x10AB, 0x10AB, 0x10AB, 0x10AB, 0x108A, 0x108A,
 0x108A, 0x108B, 0x108B, 0x108B, 0x10AB, 0x10AB, 0x10AB, 0x10AB, 0x10AB, 0x10AB, 0x10CC, 0x18AD, 0x18AC, 0x10EA, 0x18CC, 0x18AC,
 0x10AC, 0x10AB, 0x10AB, 0x08AB, 0x10AB, 0x10AB, 0x10AB, 0x10AC, 0x18AC, 0x288B, 0x288C, 0x288C, 0x208C, 0x20AB, 0x106B, 0x106C,
 0x108B, 0x108B, 0x106B, 0x108B, 0x108B, 0x188C, 0x188C, 0x208C, 0x206C, 0x208C, 0x20AD, 0x20CC, 0x28AD, 0x40CB, 0x0003, 0x0022,
 0x3151, 0x3972, 0x1088, 0x0001, 0x0002, 0x0804, 0x50EE, 0x9214, 0x91D4, 0x9214, 0x99F4, 0x81B3, 0x71D3, 0x5173, 0x3932, 0x3173,
 0x3172, 0x3172, 0x3172, 0x3171, 0x3171, 0x3171, 0x3952, 0x4993, 0x59B3, 0x61B2, 0x6191, 0x71B1, 0x81F2, 0x81D2, 0x81D2, 0x81F2,
 0x81F2, 0x8233, 0x7191, 0x6991, 0x61B2, 0x6192, 0x5992, 0x59B2, 0x5950, 0x6190, 0x79F2, 0x79F2, 0x81F2, 0x79F2, 0x69D3, 0x61D3,
 0x59D3, 0x59B3, 0x59B3, 0x59B3, 0x59B3, 0x61B3, 0x61B3, 0x69B3, 0x69D4, 0x69D4, 0x6993, 0x6192, 0x6192, 0x59B2, 0x59B1, 0x410F,
 0x392F, 0x392F, 0x3950, 0x3950, 0x3950, 0x3950, 0x3950, 0x3150, 0x3130, 0x2930, 0x292F, 0x292F, 0x2950, 0x2950, 0x3150, 0x3971,
 0x3150, 0x290F, 0x3951, 0x4171, 0x4171, 0x3970, 0x3971, 0x3951, 0x3150, 0x3150, 0x3950, 0x3150, 0x3150, 0x3150, 0x3971, 0x3951,
 0x51B2, 0x7A12, 0x71D2, 0x71D3, 0x71D3, 0x69B2, 0x4910, 0x4931, 0x4151, 0x4950, 0x5171, 0x4151, 0x3972, 0x4172, 0x61B3, 0x71B3,
 0x7172, 0x69B2, 0x69D2, 0x71B4, 0x79D3, 0x490D, 0x0804, 0x0023, 0x3931, 0x4151, 0x1887, 0x0000, 0x0001, 0x0803, 0x50ED, 0xA257,
 0x89D5, 0x6173, 0x59B4, 0x4933, 0x4153, 0x3953, 0x3973, 0x3154, 0x3153, 0x3173, 0x3153, 0x3153, 0x3173, 0x3173, 0x3953, 0x4173,
 0x4954, 0x4934, 0x5995, 0x5153, 0x4932, 0x4152, 0x4153, 0x4952, 0x4932, 0x5173, 0x4953, 0x4133, 0x4153, 0x4153, 0x3953, 0x3953,
 0x4132, 0x4952, 0x5973, 0x5993, 0x6193, 0x5993, 0x4953, 0x4973, 0x4173, 0x4173, 0x4173, 0x3973, 0x3973, 0x3973, 0x3973, 0x3953,
 0x4153, 0x4153, 0x4152, 0x3952, 0x3931, 0x4131, 0x4131, 0x5992, 0x61B2, 0x6191, 0x6191, 0x61B1, 0x4171, 0x3951, 0x3151, 0x3130,
 0x2930, 0x2930, 0x3130, 0x2931, 0x2931, 0x3131, 0x4130, 0x61D2, 0x69D2, 0x69B2, 0x8212, 0x9253, 0x9253, 0x9232, 0x8A32, 0x8212,
 0x71B0, 0x71B1, 0x8212, 0x79F2, 0x79D2, 0x71B1, 0x71B2, 0x79B2, 0x6972, 0x4131, 0x4152, 0x3952, 0x4151, 0x4151, 0x4992, 0x4973,
 0x4973, 0x4972, 0x5192, 0x3972, 0x3173, 0x3973, 0x4952, 0x4931, 0x4932, 0x5172, 0x5174, 0x5934, 0x6173, 0x490D, 0x0804, 0x0023,
 0x3151, 0x3991, 0x1087, 0x0000, 0x0001, 0x1004, 0x38AC, 0x5112, 0x4133, 0x3953, 0x3153, 0x3974, 0x3174, 0x3973, 0x3973, 0x3973,
 0x3973, 0x3173, 0x3173, 0x3173, 0x3173, 0x3173, 0x3973, 0x3953, 0x3953, 0x3953, 0x3953, 0x3973, 0x3973, 0x3974, 0x3174, 0x3173,
 0x3973, 0x3973, 0x3973, 0x3973, 0x3973, 0x3953, 0x3973, 0x3133, 0x3953, 0x3932, 0x3112, 0x3112, 0x3112, 0x3112, 0x3132, 0x3153,
 0x2912, 0x3112, 0x3112, 0x3112, 0x2912, 0x2911, 0x2911, 0x3111, 0x3111, 0x3111, 0x2910, 0x28F0, 0x28EF, 0x28CF, 0x28CF, 0x30CF,
 0x30CF, 0x30CF, 0x30CF, 0x28CF, 0x28CD, 0x20CD, 0x20CE, 0x20CE, 0x20CE, 0x20CE, 0x28CE, 0x28CE, 0x28EE, 0x28CF, 0x28CF, 0x28AE,
 0x30CF, 0x30D0, 0x30CE, 0x38EE, 0x38EE, 0x410F, 0x410F, 0x38EF, 0x38EF, 0x38EE, 0x38EE, 0x38EF, 0x40EF, 0x4110, 0x40F0, 0x40F0,
 0x38F0, 0x28F1, 0x3132, 0x2911, 0x3111, 0x3111, 0x3111, 0x2911, 0x3111, 0x3110, 0x3130, 0x3151, 0x2952, 0x3152, 0x3151, 0x3171,
 0x3151, 0x3152, 0x3133, 0x4154, 0x40EF, 0x30E9, 0x0843, 0x0003, 0x290D, 0x18EC, 0x0845, 0x0001, 0x0001, 0x0823, 0x28A9, 0x28CD,
 0x2930, 0x2950, 0x312F, 0x2930, 0x2930, 0x2930, 0x2930, 0x2930, 0x2930, 0x292F, 0x292F, 0x292F, 0x292F, 0x292F, 0x292F, 0x292F,
 0x214F, 0x214E, 0x294F, 0x292F, 0x292F, 0x312F, 0x290F, 0x292F, 0x294F, 0x294F, 0x294F, 0x314F, 0x312F, 0x292F, 0x290E, 0x4170,
 0x4970, 0x4970, 0x5191, 0x4991, 0x4971, 0x4171, 0x3970, 0x392F, 0x59B1, 0x69F3, 0x71B2, 0x71B2, 0x71B2, 0x69D1, 0x71D1, 0x71D1,
 0x71D1, 0x71D1, 0x71D1, 0x71D1, 0x71F0, 0x720F, 0x724F, 0x7A90, 0x7AB0, 0x7AAF, 0x7ACF, 0x7AD0, 0x7AB0, 0x7290, 0x728F, 0x7290,
 0x7290, 0x7290, 0x7A90, 0x7AAF, 0x7AB0, 0x72B0, 0x72B0, 0x7AAF, 0x7ACF, 0x72D0, 0x7AB0, 0x7AB0, 0x7A90, 0x7A8F, 0x7A6F, 0x7A70,
 0x726F, 0x7250, 0x7250, 0x71EF, 0x7A31, 0x8A72, 0x7A11, 0x71D1, 0x7211, 0x61F0, 0x61B0, 0x69D1, 0x69D1, 0x6191, 0x412F, 0x3950,
 0x3951, 0x3950, 0x3970, 0x3150, 0x3951, 0x3950, 0x3170, 0x3170, 0x3170, 0x2970, 0x2950, 0x4171, 0x59B0, 0x28A7, 0x0022, 0x0002,
 0x0823, 0x0001, 0x0001, 0x0000, 0x0020, 0x0000, 0x0022, 0x0824, 0x0045, 0x0045, 0x0044, 0x0044, 0x0044, 0x0044, 0x0044, 0x0024,
 0x0025, 0x0025, 0x0825, 0x0025, 0x0025, 0x0045, 0x0045, 0x0025, 0x0045, 0x0044, 0x0044, 0x0044, 0x0044, 0x0044, 0x0024, 0x0024,
 0x0845, 0x0845, 0x0845, 0x0846, 0x0846, 0x0846, 0x0824, 0x2085, 0x2065, 0x2065, 0x28A6, 0x2886, 0x2886, 0x2886, 0x1865, 0x1024,
 0x30C7, 0x40E8, 0x48E7, 0x48E7, 0x48E7, 0x48E7, 0x48E7, 0x48E7, 0x48E7, 0x5107, 0x5107, 0x5107, 0x5127, 0x5126, 0x5146, 0x5966,
 0x5986, 0x59A5, 0x59A5, 0x59A5, 0x59C6, 0x51A6, 0x51A6, 0x51A6, 0x51A6, 0x59A6, 0x59A6, 0x59A7, 0x51A7, 0x51A7, 0x59A7, 0x59A6,
 0x59A6, 0x59A6, 0x59C6, 0x51C6, 0x59A6, 0x51A5, 0x5185, 0x5185, 0x5165, 0x5166, 0x5147, 0x48E5, 0x5106, 0x5106, 0x5106, 0x5107,
 0x4907, 0x40E5, 0x40C6, 0x40C6, 0x40E6, 0x38C6, 0x1865, 0x1887, 0x1867, 0x1867, 0x1067, 0x1067, 0x1047, 0x1047, 0x0866, 0x0867,
 0x1047, 0x0846, 0x0846, 0x2087, 0x38C7, 0x2022, 0x0000, 0x0000, 0x0002, 0x0002, 0x0002, 0x0002, 0x0021, 0x0021, 0x0001, 0x0002,
 0x0002, 0x0002, 0x0002, 0x0002, 0x0001, 0x0001, 0x0001, 0x0001, 0x0001, 0x0002, 0x0002, 0x0002, 0x0002, 0x0002, 0x0002, 0x0002,
 0x0002, 0x0002, 0x0002, 0x0002, 0x0002, 0x0001, 0x0001, 0x0001, 0x0002, 0x0002, 0x0002, 0x0003, 0x0003, 0x0003, 0x0002, 0x0002,
 0x0002, 0x0002, 0x0002, 0x0002, 0x0002, 0x0002, 0x0002, 0x0002, 0x0002, 0x0001, 0x0001, 0x0001, 0x0001, 0x0001, 0x0001, 0x0001,
 0x0001, 0x0001, 0x0001, 0x0001, 0x0001, 0x0001, 0x0001, 0x0001, 0x0001, 0x0001, 0x0001, 0x0001, 0x0001, 0x0001, 0x0001, 0x0001,
 0x0001, 0x0001, 0x0001, 0x0000, 0x0001, 0x0001, 0x0001, 0x0001, 0x0001, 0x0002, 0x0001, 0x0001, 0x0001, 0x0001, 0x0001, 0x0001,
 0x0001, 0x0001, 0x0001, 0x0001, 0x0001, 0x0001, 0x0001, 0x0001, 0x0001, 0x0001, 0x0001, 0x0001, 0x0001, 0x0001, 0x0002, 0x0002,
 0x0001, 0x0001, 0x0001, 0x0001, 0x0001, 0x0001, 0x0001, 0x0002, 0x0002, 0x0001, 0x0001, 0x0001, 0x0001, 0x0001, 0x0001, 0x0001,
 0x0002, 0x0022, 0x0002, 0x0022, 0x0022, 0x0802, 0x0002, 0x0022, 0x0022, 0x0002, 0x0003, 0x0002, 0x0002, 0x0002, 0x0002, 0x0023,
 0x0023, 0x0023, 0x0023, 0x0002, 0x0023, 0x0022, 0x0022, 0x0002, 0x0022, 0x0022, 0x0022, 0x0023, 0x0022, 0x0022, 0x0022, 0x0022,
 0x0022, 0x0023, 0x0023, 0x0023, 0x0023, 0x0022, 0x0002, 0x0023, 0x0023, 0x0023, 0x0023, 0x0023, 0x0002, 0x0002, 0x0002, 0x0002,
 0x0023, 0x0023, 0x0003, 0x0003, 0x0023, 0x0003, 0x0023, 0x0023, 0x0023, 0x0023, 0x0023, 0x0023, 0x0023, 0x0023, 0x0022, 0x0022,
 0x0022, 0x0022, 0x0023, 0x0023, 0x0023, 0x0023, 0x0023, 0x0023, 0x0023, 0x0023, 0x0023, 0x0023, 0x0023, 0x0023, 0x0023, 0x0022,
 0x0022, 0x0022, 0x0023, 0x0023, 0x0023, 0x0023, 0x0023, 0x0023, 0x0023, 0x0023, 0x0023, 0x0023, 0x0023, 0x0023, 0x0023, 0x0003,
 0x0003, 0x0003, 0x0023, 0x0023, 0x0022, 0x0022, 0x0002, 0x0023, 0x0022, 0x0023, 0x0003, 0x0022, 0x0022, 0x0023, 0x0003, 0x0003,
 0x0003, 0x0003, 0x0023, 0x0023, 0x0003, 0x0003, 0x0002, 0x0002, 0x0002, 0x0002, 0x0022, 0x0022, 0x0002, 0x0002, 0x0002, 0x0002,
 0x0022, 0x0002, 0x0002, 0x0002, 0x0002, 0x0002, 0x0002, 0x0003, 0x0003, 0x0002, 0x0002, 0x0002, 0x0002, 0x0002, 0x0002, 0x0002,
 0x0002, 0x0002, 0x0002, 0x0002, 0x0002, 0x0002, 0x0003, 0x0003, 0x0003, 0x0002, 0x0002, 0x0022, 0x0002, 0x0002, 0x0002, 0x0002,
 0x0022, 0x0022, 0x0022, 0x0022, 0x0001, 0x0021, 0x0021, 0x0022, 0x0022, 0x0022, 0x0002, 0x0002, 0x0002, 0x0002, 0x0002, 0x0002,
 0x0002, 0x0002, 0x0002, 0x0002, 0x0002, 0x0002, 0x0002, 0x0002, 0x0002, 0x0002, 0x0002, 0x0022, 0x0022, 0x0022, 0x0002, 0x0022,
 0x0022, 0x0022, 0x0022, 0x0003, 0x0003, 0x0023, 0x0022, 0x0002, 0x0002, 0x0022, 0x0002, 0x0002, 0x0002, 0x0002, 0x0002, 0x0002,
 0x0022, 0x0022, 0x0003, 0x0022, 0x0002, 0x0001, 0x0001, 0x0001, 0x0001, 0x0002, 0x0002, 0x0002, 0x0002, 0x0001, 0x0002, 0x0002,
 0x0002, 0x0002, 0x0002, 0x0022, 0x0002, 0x0002, 0x0002, 0x0002, 0x0022, 0x0022, 0x0022, 0x0002, 0x0002, 0x0002, 0x0022, 0x0022,
 0x0002, 0x0002, 0x0002, 0x0002, 0x0002, 0x0002, 0x0002, 0x0002, 0x0002, 0x0002, 0x0002, 0x0002, 0x0002, 0x0002, 0x0002, 0x0002,
 0x0002, 0x0002, 0x0002, 0x0022, 0x0002, 0x0002, 0x0022, 0x0002, 0x0002, 0x0022, 0x0002, 0x0002, 0x0002, 0x0002, 0x0002, 0x0002,
 0x0022, 0x0002, 0x0002, 0x0022, 0x0022, 0x0022, 0x0002, 0x0003, 0x0003, 0x0022, 0x0002, 0x0002, 0x0002, 0x0002, 0x0001, 0x0001,
 0x0001, 0x0002, 0x0002, 0x0002, 0x0001, 0x0001, 0x0001, 0x0001, 0x0001, 0x0001, 0x0001, 0x0001, 0x0001, 0x0001, 0x0021, 0x0001,
 0x0022, 0x0002, 0x0002, 0x0002, 0x0023, 0x0002, 0x0022, 0x0023, 0x0023, 0x0023, 0x0023, 0x0042, 0x0022, 0x0022, 0x0022, 0x0002,
 0x0802, 0x0022, 0x0022, 0x0021, 0x0021, 0x0022, 0x0002, 0x0022, 0x0022, 0x0022, 0x0023, 0x0023, 0x0002, 0x0001, 0x0001, 0x0001,
 0x0001, 0x0001, 0x0001, 0x0001, 0x0001, 0x0000, 0x0001, 0x0001, 0x0001, 0x0001, 0x0001, 0x0001, 0x0001, 0x0001, 0x0001, 0x0001,
 0x0001, 0x0001, 0x0001, 0x0001, 0x0001, 0x0001, 0x0001, 0x0001, 0x0002, 0x0003, 0x0002, 0x0002, 0x0002, 0x0002, 0x0002, 0x0003,
 0x0003, 0x0003, 0x0002, 0x0002, 0x0002, 0x0002, 0x0002, 0x0002, 0x0002, 0x0003, 0x0002, 0x0002, 0x0002, 0x0022, 0x0002, 0x0002,
 0x0002, 0x0022, 0x0022, 0x0002, 0x0002, 0x0003, 0x0002, 0x0003, 0x0023, 0x0023, 0x0023, 0x0023, 0x0023, 0x0003, 0x0003, 0x0003,
 0x0023, 0x0023, 0x0002, 0x0023, 0x0003, 0x0003, 0x0003, 0x0002, 0x0002, 0x0001, 0x0001, 0x0001, 0x0001, 0x0001, 0x0001, 0x0001,
 0x0001, 0x0001, 0x0002, 0x0002, 0x0002, 0x0002, 0x0002, 0x0802, 0x0802, 0x0802, 0x0802, 0x0802, 0x0803, 0x0803, 0x0803, 0x0003,
 0x0002, 0x0802, 0x0801, 0x0801, 0x0801, 0x0802, 0x0022, 0x0001, 0x0802, 0x0802, 0x0001, 0x0001, 0x0001, 0x0001, 0x0002, 0x0802,
 0x0802, 0x0802, 0x1003, 0x0803, 0x0803, 0x0803, 0x0802, 0x0023, 0x0002, 0x0001, 0x0001, 0x0801, 0x0801, 0x0001, 0x0001, 0x0002,
 0x0002, 0x0002, 0x0802, 0x0002, 0x0002, 0x0002, 0x0002, 0x0002, 0x0002, 0x0002, 0x0003, 0x0002, 0x0002, 0x0002, 0x0002, 0x0003,
 0x0003, 0x0024, 0x0024, 0x0024, 0x0023, 0x0023, 0x0024, 0x0866, 0x0847, 0x0047, 0x0867, 0x0868, 0x0868, 0x0848, 0x0848, 0x0868,
 0x0868, 0x0868, 0x0868, 0x0868, 0x0047, 0x0027, 0x0868, 0x0847, 0x0848, 0x0848, 0x0868, 0x0869, 0x0849, 0x0869, 0x0869, 0x0869,
 0x0869, 0x0868, 0x0868, 0x0868, 0x0868, 0x0868, 0x0869, 0x0869, 0x0888, 0x0047, 0x0047, 0x0888, 0x0868, 0x0869, 0x0068, 0x0827,
 0x38E9, 0x698C, 0x612B, 0x692B, 0x612B, 0x612B, 0x610B, 0x590A, 0x592B, 0x592B, 0x592B, 0x592B, 0x612C, 0x612C, 0x692C, 0x714C,
 0x716C, 0x796C, 0x796C, 0x796C, 0x898C, 0x816C, 0x794B, 0x91CD, 0x91CC, 0xAA0C, 0xB22C, 0xAA4C, 0xAA4C, 0xB24C, 0xAA8D, 0x4105,
 0x4926, 0xA26D, 0xAA2C, 0xAA0B, 0xAA2B, 0xAA2C, 0xAA2C, 0xAA2C, 0xB22C, 0xB22D, 0x91AC, 0x898C, 0x818C, 0x818C, 0x79AD, 0x718D,
 0x4888, 0x592A, 0x614B, 0x612B, 0x612B, 0x612B, 0x4068, 0x512B, 0x592C, 0x590C, 0x50EB, 0x50CB, 0x50CB, 0x48CA, 0x40A9, 0x40CA,
 0x40CB, 0x40EB, 0x410B, 0x40EB, 0x410B, 0x30EA, 0x1006, 0x0025, 0x0024, 0x0024, 0x0025, 0x0024, 0x0024, 0x0024, 0x0025, 0x0026,
 0x0848, 0x0048, 0x0048, 0x0049, 0x0049, 0x0869, 0x086A, 0x0869, 0x0869, 0x0869, 0x0848, 0x0048, 0x0869, 0x0869, 0x0869, 0x0869,
 0x088A, 0x086A, 0x086A, 0x084A, 0x086A, 0x088A, 0x086B, 0x086B, 0x086B, 0x086A, 0x086A, 0x086A, 0x086A, 0x086A, 0x084A, 0x086B,
 0x086A, 0x0049, 0x086A, 0x088B, 0x086B, 0x086B, 0x088B, 0x084A, 0x206A, 0x510D, 0x8A11, 0x91D1, 0x91B0, 0x91B0, 0x9190, 0x896F,
 0x8990, 0x794F, 0x794E, 0x798F, 0x81B0, 0x89B0, 0x89B0, 0x99F1, 0xA1D0, 0xA1F0, 0xA9F0, 0xA9F0, 0xAA0F, 0xA9EF, 0xB1EF, 0xBA2F,
 0xCA2E, 0xE2AF, 0xEAAE, 0xE2CE, 0xEACE, 0xEAAE, 0xEAAE, 0xDACF, 0x81A8, 0x9A0A, 0xEB10, 0xEACF, 0xEAAE, 0xEAAE, 0xE2CE, 0xE2AF,
 0xE28E, 0xDA8F, 0xC20F, 0xB9EF, 0xB1EF, 0xA9EF, 0xAA10, 0x99CF, 0x918F, 0x9990, 0x9190, 0x9190, 0x9190, 0x898F, 0x798F, 0x58CC,
 0x714F, 0x8190, 0x792F, 0x792F, 0x7950, 0x792F, 0x710E, 0x692E, 0x610E, 0x612E, 0x614E, 0x592E, 0x592E, 0x594E, 0x412C, 0x1867,
 0x0024, 0x0024, 0x0024, 0x0044, 0x0023, 0x0023, 0x0024, 0x0025, 0x0025, 0x0067, 0x0067, 0x0047, 0x0048, 0x0869, 0x0869, 0x0869,
 0x0048, 0x0047, 0x0047, 0x0868, 0x0869, 0x0869, 0x0869, 0x0869, 0x088A, 0x0869, 0x086A, 0x086A, 0x086A, 0x086A, 0x086A, 0x086A,
 0x086A, 0x086A, 0x0869, 0x0869, 0x0869, 0x0869, 0x0869, 0x0869, 0x0869, 0x0869, 0x0869, 0x088A, 0x088A, 0x086A, 0x104A, 0x086A,
 0x0048, 0x0828, 0x38CB, 0x590D, 0x8190, 0x91B0, 0x9190, 0x9190, 0x916F, 0x916F, 0x896F, 0x896F, 0x816F, 0x818F, 0x898F, 0x918F,
 0x99AF, 0xA1CF, 0xA1CF, 0xA9CF, 0xA9F0, 0xB210, 0xBA30, 0xBA2F, 0xCA2F, 0xDAAF, 0xE2AF, 0xE2AE, 0xDAEE, 0xDAEE, 0xE2CE, 0xEACF,
 0xE2EF, 0x89C9, 0xAA2B, 0xE330, 0xE28E, 0xE28E, 0xE28E, 0xDA8E, 0xD24E, 0xCA2E, 0xCA2F, 0xC20F, 0xA9AF, 0xA98E, 0xA9AF, 0xA9B0,
 0x99B0, 0x896E, 0x814E, 0x792E, 0x896F, 0x916F, 0x916F, 0x8990, 0x712E, 0x68ED, 0x81B0, 0x714F, 0x714F, 0x716F, 0x714E, 0x694E,
 0x590D, 0x590D, 0x590D, 0x590D, 0x510D, 0x510C, 0x512D, 0x410B, 0x0044, 0x0044, 0x0024, 0x0024, 0x0024, 0x0024, 0x0024, 0x0024,
 0x0045, 0x0045, 0x0047, 0x0868, 0x0868, 0x0869, 0x0868, 0x0848, 0x0868, 0x0868, 0x0868, 0x0869, 0x0849, 0x084A, 0x084A, 0x084A,
 0x084A, 0x086A, 0x086A, 0x086A, 0x086A, 0x086A, 0x086A, 0x086A, 0x086A, 0x086A, 0x0869, 0x0869, 0x0869, 0x0869, 0x0869, 0x0869,
 0x0849, 0x086A, 0x108A, 0x086A, 0x086A, 0x108A, 0x18AA, 0x0869, 0x0889, 0x0869, 0x0828, 0x0848, 0x1069, 0x596E, 0x79CF, 0x818F,
 0x91D0, 0x89B0, 0x89AF, 0x89AF, 0x81AF, 0x81AF, 0x89AF, 0x898F, 0x918F, 0x99AF, 0x99AF, 0x99AF, 0x918F, 0x918F, 0xA1AF, 0xA1AE,
 0xA1EF, 0xA1EE, 0x916C, 0x918C, 0x916B, 0x896A, 0x818A, 0x81AA, 0x818A, 0x718A, 0x3864, 0x924D, 0xD311, 0xD26F, 0xCA4F, 0xC24F,
 0xB20E, 0xB1EE, 0xB20F, 0xA9EF, 0xA1AF, 0xA1AF, 0xA1AF, 0xA1AF, 0xA1B0, 0x814E, 0x714E, 0x690D, 0x816F, 0xA1F1, 0xA1D1, 0xA1F1,
 0x89D0, 0x716F, 0x58ED, 0x510D, 0x48CC, 0x510D, 0x592E, 0x592D, 0x592D, 0x594D, 0x594E, 0x592E, 0x592E, 0x592D, 0x592D, 0x594D,
 0x0024, 0x0024, 0x0024, 0x0024, 0x0024, 0x0024, 0x0024, 0x0024, 0x0024, 0x0024, 0x0024, 0x0045, 0x0025, 0x0026, 0x0026, 0x0027,
 0x0027, 0x0026, 0x0047, 0x0047, 0x0869, 0x0869, 0x0869, 0x0869, 0x0868, 0x0047, 0x0026, 0x0046, 0x0046, 0x0047, 0x0047, 0x0028,
 0x0027, 0x0027, 0x0047, 0x0027, 0x0027, 0x0047, 0x0027, 0x0027, 0x0848, 0x088A, 0x086A, 0x086A, 0x086A, 0x088A, 0x108A, 0x086A,
 0x086A, 0x086A, 0x086A, 0x088A, 0x0069, 0x1069, 0x1849, 0x286A, 0x50EC, 0x60CC, 0x58AB, 0x50CB, 0x50CB, 0x58AB, 0x690D, 0x89B0,
 0x898F, 0x91AF, 0x91AF, 0x99AF, 0x99CF, 0x99CF, 0xA1EF, 0xA1EF, 0xA1CE, 0xA1CE, 0xA1CD, 0x99CD, 0x91CC, 0x89CB, 0x81CA, 0x920B,
 0x71C9, 0x40E5, 0x4927, 0x5127, 0x50C7, 0x918C, 0xA1CD, 0x91AC, 0x918D, 0x918D, 0x918C, 0x898D, 0x898E, 0x898E, 0x916E, 0x916E,
 0x894E, 0x916F, 0x898F, 0x89B0, 0x816E, 0x812D, 0x814E, 0x816F, 0x792E, 0x792F, 0x610E, 0x510D, 0x308B, 0x30AB, 0x306A, 0x2849,
 0x2848, 0x2869, 0x2869, 0x2869, 0x2869, 0x2048, 0x3069, 0x3849, 0x0024, 0x0024, 0x0024, 0x0024, 0x0024, 0x0024, 0x0024, 0x0024,
 0x0024, 0x0024, 0x0024, 0x0024, 0x0025, 0x0866, 0x0868, 0x0869, 0x0869, 0x0869, 0x0869, 0x0869, 0x0869, 0x0869, 0x086A, 0x086A,
 0x0869, 0x0027, 0x0046, 0x0046, 0x0026, 0x0848, 0x0849, 0x0869, 0x0049, 0x0869, 0x0869, 0x0869, 0x0869, 0x0868, 0x0868, 0x0869,
 0x0869, 0x086A, 0x086A, 0x086A, 0x086A, 0x086A, 0x086A, 0x086A, 0x086A, 0x086A, 0x086A, 0x086A, 0x086A, 0x086A, 0x088A, 0x0869,
 0x288A, 0x798F, 0x898F, 0x798E, 0x798E, 0x816E, 0x816F, 0x89B0, 0x89AF, 0x91AF, 0x99AF, 0x99AE, 0xA1CF, 0xA9F0, 0xAA10, 0xBA10,
 0xCA50, 0xDAB0, 0xE2B0, 0xEAF0, 0xEB30, 0xEB2F, 0xEB2F, 0xEB2F, 0xEB4F, 0xE38F, 0xEBB0, 0xCB4F, 0x6947, 0xA26E, 0xCA8F, 0xC22E,
 0xB20E, 0xA1AD, 0x99AD, 0x918D, 0x89AE, 0x918F, 0x916F, 0x898F, 0x818F, 0x794F, 0x816F, 0x816F, 0x816F, 0x794E, 0x712E, 0x714E,
 0x816F, 0x896F, 0x8990, 0x714E, 0x406A, 0x48EC, 0x512E, 0x510D, 0x592D, 0x592D, 0x514D, 0x592D, 0x512C, 0x40EB, 0x50EC, 0x510D,
 0x0024, 0x0044, 0x0024, 0x0024, 0x0024, 0x0024, 0x0024, 0x0024, 0x0024, 0x0024, 0x0024, 0x0024, 0x0025, 0x0025, 0x0047, 0x0869,
 0x0869, 0x0869, 0x0869, 0x0869, 0x086A, 0x086A, 0x086A, 0x086A, 0x086A, 0x084A, 0x084A, 0x086A, 0x086A, 0x086A, 0x0849, 0x086A,
 0x086B, 0x086B, 0x086B, 0x084A, 0x086A, 0x086A, 0x086A, 0x0869, 0x0869, 0x086A, 0x086A, 0x086A, 0x086A, 0x086A, 0x108A, 0x086A,
 0x086A, 0x086A, 0x086A, 0x086A, 0x086A, 0x088A, 0x088A, 0x088A, 0x1089, 0x392C, 0x614E, 0x89B0, 0x918F, 0x898F, 0x89AF, 0x89AF,
 0x918F, 0x918F, 0x89AF, 0x81AF, 0x898F, 0x918F, 0x91B0, 0x998F, 0xB1F0, 0xCA71, 0xCA50, 0xDA90, 0xDAAF, 0xDACF, 0xE2CE, 0xE2CE,
 0xE2CE, 0xE2EE, 0xE2EE, 0xDAEE, 0xD350, 0x58A5, 0x99CC, 0xDA70, 0xC1ED, 0xB9EE, 0xA9AE, 0x918D, 0x918E, 0x918F, 0x814E, 0x712D,
 0x690D, 0x70CC, 0x792E, 0x794E, 0x68CC, 0x68EC, 0x68ED, 0x690D, 0x794F, 0x812F, 0x812F, 0x794F, 0x696F, 0x50CC, 0x612E, 0x698F,
 0x716F, 0x716F, 0x694F, 0x714F, 0x716F, 0x696F, 0x696F, 0x696F, 0x0044, 0x0044, 0x0024, 0x0025, 0x0025, 0x0025, 0x0025, 0x0025,
 0x0025, 0x0025, 0x0025, 0x0025, 0x0025, 0x0025, 0x0005, 0x0046, 0x0868, 0x0869, 0x0869, 0x086A, 0x086A, 0x086A, 0x086A, 0x086A,
 0x0888, 0x0848, 0x0869, 0x084A, 0x0849, 0x0868, 0x0027, 0x0848, 0x086A, 0x086A, 0x086A, 0x086A, 0x086A, 0x0869, 0x086A, 0x086A,
 0x086A, 0x086A, 0x086A, 0x108A, 0x108A, 0x086A, 0x088A, 0x0869, 0x088A, 0x088A, 0x088A, 0x088A, 0x088A, 0x088A, 0x0889, 0x1089,
 0x10AA, 0x0869, 0x1028, 0x48CC, 0x716F, 0x89AF, 0x91B0, 0x99AF, 0x99B0, 0x99B0, 0x91D0, 0x91D0, 0x91CF, 0x99CF, 0x99D0, 0xA1AF,
 0xB1F0, 0xBA30, 0xCA50, 0xDA70, 0xE2B0, 0xE2D0, 0xEAF0, 0xF330, 0xEB2F, 0xEB0F, 0xEAEF, 0xE2CF, 0xDAAF, 0xC26F, 0x6129, 0x898C,
 0xD24F, 0xD20E, 0xCA0F, 0xCA50, 0xCA50, 0xCA51, 0xBA31, 0xAA10, 0x99AF, 0x99D0, 0x99F0, 0x91AF, 0x89AF, 0x89CF, 0x710D, 0x798F,
 0x714E, 0x794F, 0x8170, 0x8190, 0x81B0, 0x718F, 0x690E, 0x694F, 0x7190, 0x7150, 0x7150, 0x712F, 0x694F, 0x614F, 0x6970, 0x7150,
 0x0044, 0x0044, 0x0025, 0x0025, 0x0045, 0x0045, 0x0045, 0x0045, 0x0045, 0x0045, 0x0045, 0x0045, 0x0045, 0x0025, 0x0025, 0x0025,
 0x0025, 0x0046, 0x0046, 0x0046, 0x0047, 0x0047, 0x0047, 0x0047, 0x0046, 0x0005, 0x0046, 0x0026, 0x0025, 0x0005, 0x0025, 0x0066,
 0x0005, 0x0025, 0x0046, 0x0046, 0x0046, 0x0025, 0x0026, 0x0026, 0x0027, 0x0027, 0x0047, 0x0047, 0x0027, 0x0026, 0x0026, 0x0046,
 0x0047, 0x0047, 0x0047, 0x0047, 0x0047, 0x0047, 0x0027, 0x0827, 0x0848, 0x0889, 0x0889, 0x0869, 0x1049, 0x38EC, 0x512D, 0x58EB,
 0x50EB, 0x50EB, 0x50EB, 0x58EC, 0x50EC, 0x58EC, 0x58EC, 0x694E, 0x712D, 0x712D, 0x794D, 0x814D, 0x896D, 0x898D, 0x916C, 0xA1EE,
 0xAA0E, 0xA1ED, 0xA1CD, 0xA1CD, 0x91AD, 0x692B, 0x40AA, 0x1006, 0x696C, 0x898D, 0x898D, 0x898D, 0x894D, 0x894D, 0x794D, 0x690D,
 0x796F, 0x794F, 0x68EE, 0x690E, 0x692E, 0x612E, 0x50CD, 0x590E, 0x510D, 0x510D, 0x610D, 0x614E, 0x48CC, 0x38AA, 0x38CB, 0x2029,
 0x48ED, 0x594F, 0x512E, 0x592E, 0x38AB, 0x2028, 0x40CC, 0x40AC, 0x0024, 0x0024, 0x0025, 0x0025, 0x0025, 0x0025, 0x0025, 0x0025,
 0x0025, 0x0025, 0x0025, 0x0025, 0x0024, 0x0024, 0x0024, 0x0024, 0x0024, 0x0025, 0x0046, 0x0006, 0x0047, 0x0848, 0x0048, 0x0048,
 0x0048, 0x0048, 0x0847, 0x0047, 0x0047, 0x0048, 0x0048, 0x0868, 0x0848, 0x0848, 0x0868, 0x0869, 0x0869, 0x0869, 0x0848, 0x0848,
 0x0869, 0x0868, 0x0869, 0x0868, 0x0848, 0x0047, 0x0047, 0x0027, 0x0868, 0x0868, 0x0868, 0x0869, 0x0868, 0x0868, 0x0868, 0x0868,
 0x0048, 0x0889, 0x0889, 0x08AA, 0x088A, 0x0849, 0x0828, 0x30CB, 0x510C, 0x60EC, 0x690C, 0x690C, 0x692D, 0x712D, 0x712D, 0x81AF,
 0x818E, 0x794D, 0x816D, 0x91CE, 0xA1EF, 0xA9EF, 0xA9CE, 0xB20F, 0xB20F, 0xB20E, 0xB1EF, 0xA9EF, 0x91CE, 0x81AD, 0x89CF, 0x718E,
 0x3888, 0x692B, 0xA1CF, 0xA9AF, 0xA1AE, 0x998E, 0x918E, 0x816E, 0x712E, 0x712F, 0x690E, 0x690E, 0x692E, 0x612E, 0x694F, 0x694F,
 0x694F, 0x692F, 0x692E, 0x692E, 0x58ED, 0x50EC, 0x510C, 0x512D, 0x48AC, 0x48AC, 0x594E, 0x590E, 0x50ED, 0x490C, 0x50EC, 0x48EC,
 0x0024, 0x0024, 0x0044, 0x0025, 0x0025, 0x0045, 0x0025, 0x0025, 0x0025, 0x0024, 0x0045, 0x0045, 0x0024, 0x0024, 0x0024, 0x0003,
 0x0024, 0x0025, 0x0005, 0x0027, 0x0868, 0x0849, 0x0869, 0x086A, 0x086A, 0x086A, 0x0869, 0x0869, 0x0869, 0x086A, 0x084A, 0x084A,
 0x086B, 0x108C, 0x108C, 0x108C, 0x108C, 0x108C, 0x108C, 0x108B, 0x108B, 0x108B, 0x108B, 0x086B, 0x086B, 0x086A, 0x0869, 0x0869,
 0x108A, 0x086A, 0x086A, 0x086A, 0x086A, 0x0889, 0x0889, 0x0889, 0x088A, 0x088A, 0x088A, 0x086A, 0x086A, 0x088A, 0x088A, 0x1069,
 0x40EC, 0x610D, 0x794E, 0x89D0, 0x8990, 0x91B0, 0x91B0, 0x918F, 0x918F, 0x898F, 0x898F, 0x998E, 0xB1F0, 0xBA31, 0xA9CF, 0xA9CF,
 0xA9EF, 0xA9EF, 0xB1CF, 0xA1CF, 0xA1CF, 0xA1CF, 0xA1CF, 0xA210, 0x91D0, 0x690C, 0x896F, 0xBA12, 0xA1AF, 0x99AF, 0x916F, 0x9190,
 0x714E, 0x690E, 0x692E, 0x692E, 0x692E, 0x692E, 0x692F, 0x714F, 0x7930, 0x7950, 0x794F, 0x714F, 0x714F, 0x714F, 0x696F, 0x716F,
 0x794F, 0x714F, 0x612E, 0x694F, 0x694F, 0x616E, 0x694E, 0x694F, 0x0024, 0x0024, 0x0024, 0x0024, 0x0044, 0x0044, 0x0024, 0x0024,
 0x0024, 0x0024, 0x0024, 0x0024, 0x0024, 0x0024, 0x0024, 0x0023, 0x0003, 0x0022, 0x0023, 0x0025, 0x0847, 0x0848, 0x0848, 0x0869,
 0x0868, 0x0868, 0x0869, 0x0869, 0x0869, 0x0869, 0x0068, 0x0069, 0x0049, 0x088A, 0x088A, 0x088A, 0x088A, 0x088A, 0x088A, 0x088A,
 0x108A, 0x088A, 0x088A, 0x086A, 0x0869, 0x0869, 0x0869, 0x0048, 0x0848, 0x0869, 0x0869, 0x0869, 0x0869, 0x088A, 0x086A, 0x106A,
 0x106A, 0x086A, 0x088A, 0x086A, 0x086A, 0x0869, 0x0869, 0x0889, 0x0069, 0x0828, 0x2049, 0x50EC, 0x8990, 0x8970, 0x896F, 0x816F,
 0x816F, 0x816F, 0x796F, 0x794E, 0x814E, 0x894E, 0x894E, 0x816E, 0x816E, 0x896F, 0x896E, 0x896F, 0x8990, 0x898F, 0x91AF, 0x916F,
 0x9190, 0x79B0, 0x384A, 0x50CB, 0x814E, 0x810D, 0x692E, 0x692E, 0x710F, 0x692F, 0x692F, 0x692E, 0x692E, 0x692E, 0x712F, 0x714F,
 0x714F, 0x714F, 0x714F, 0x694F, 0x692E, 0x690E, 0x692E, 0x614E, 0x696F, 0x592E, 0x386B, 0x510E, 0x48ED, 0x3049, 0x592D, 0x612E,
};

#endif /* SUNSET_IMG_H_ */
